<?xml version="1.0"?>
<SftpDeploymentData>
  <DeploymentData>
    <Company>
      <Name>Company</Name>
      <UniqueId>99e030a9-d4ca-4d94-a110-6b738ca63409</UniqueId>
      <Street1 />
      <Street2 />
      <Street3 />
      <City />
      <State />
      <ZIP />
      <Phone />
      <FAX />
      <Locations />
      <Playlists />
      <Variables />
      <Resources />
      <Channels />
      <Machines>
        <Machine>
          <Name>Computer</Name>
          <UniqueId>1bfedf7d-2285-4d9a-b7ee-bff6e5a2dc7a</UniqueId>
          <Enabled>true</Enabled>
          <Menu>
            <RowVersion>3</RowVersion>
            <Name>Playlist</Name>
            <UniqueId>ee059ea6-281b-4b42-bc04-de688e7c5fd2</UniqueId>
            <Enabled>true</Enabled>
            <Behavior>EmptyPlayerOnly</Behavior>
            <Subscriptions />
            <ScheduledItems>
              <ScheduledContent d8p1:type="ScheduledFormatTemplate" xmlns:d8p1="http://www.w3.org/2001/XMLSchema-instance">
                <RowVersion>1</RowVersion>
                <Name>Training Template</Name>
                <UniqueId>67e3d416-f7ce-4c23-84f9-f2e069d82aba</UniqueId>
                <ContentUniqueId>99c51885-f556-4695-a9ff-0359c2a98cb8</ContentUniqueId>
                <ContentType>ContentManager.DataModel.FormatTemplate, ContentManager.DataModel, Version=5.2.1.5493, Culture=neutral, PublicKeyToken=null</ContentType>
                <ContentName>Training Template</ContentName>
                <ScheduledContents>
                  <ScheduledContent d8p1:type="ScheduledFormatTemplateRegion">
                    <RowVersion>1</RowVersion>
                    <Name>Main</Name>
                    <UniqueId>2e0657af-f27f-4a36-9fa2-1f2799d99c74</UniqueId>
                    <ContentUniqueId>ab969103-397b-42ac-ad23-8c82818ea718</ContentUniqueId>
                    <ContentType>ContentManager.DataModel.FormatTemplateRegion, ContentManager.DataModel, Version=5.2.1.5493, Culture=neutral, PublicKeyToken=null</ContentType>
                    <ContentName>Main</ContentName>
                    <ScheduledContents>
                      <ScheduledContent>
                        <RowVersion>1</RowVersion>
                        <Name>Training Beach Pic</Name>
                        <UniqueId>2ef5e7ea-4440-4321-81e7-f002030972f6</UniqueId>
                        <ContentUniqueId>f48d7028-097d-4405-bd3d-e99d20f4521d</ContentUniqueId>
                        <ContentType>ContentManager.DataModel.ImageContent, ContentManager.DataModel, Version=5.2.1.5493, Culture=neutral, PublicKeyToken=null</ContentType>
                        <ContentName>Training Beach Pic</ContentName>
                        <ScheduledContents />
                        <Recurrences>
                          <Recurrence>
                            <DatabaseId>148</DatabaseId>
                            <Name>Recurrence</Name>
                            <Pattern d8p1:type="DailyRecurrencePattern">
                              <DatabaseId>148</DatabaseId>
                            </Pattern>
                            <Range d8p1:type="EternalRange">
                              <DatabaseId>148</DatabaseId>
                              <StartDate>2016-06-09T00:00:00</StartDate>
                            </Range>
                            <IsAllDay>true</IsAllDay>
                            <StartTime>
                              <Days>0</Days>
                              <Hours>11</Hours>
                              <Minutes>0</Minutes>
                            </StartTime>
                            <Duration>
                              <Days>0</Days>
                              <Hours>3</Hours>
                              <Minutes>0</Minutes>
                            </Duration>
                          </Recurrence>
                        </Recurrences>
                        <Interruptions />
                        <ClickBehaviors />
                        <PlayBehaviors />
                        <Rules />
                        <SerializableVariables />
                      </ScheduledContent>
                    </ScheduledContents>
                    <Recurrences />
                    <Interruptions />
                    <ClickBehaviors />
                    <PlayBehaviors />
                    <Rules />
                    <SerializableVariables />
                    <InheritRecurrences>true</InheritRecurrences>
                  </ScheduledContent>
                  <ScheduledContent d8p1:type="ScheduledFormatTemplateRegion">
                    <RowVersion>1</RowVersion>
                    <Name>Logo</Name>
                    <UniqueId>348c01bc-8723-4433-8acc-a623a1711bc8</UniqueId>
                    <ContentUniqueId>2c608e4d-6a06-4702-9517-3106b94902fd</ContentUniqueId>
                    <ContentType>ContentManager.DataModel.FormatTemplateRegion, ContentManager.DataModel, Version=5.2.1.5493, Culture=neutral, PublicKeyToken=null</ContentType>
                    <ContentName>Logo</ContentName>
                    <ScheduledContents>
                      <ScheduledContent>
                        <RowVersion>1</RowVersion>
                        <Name>Staples_Logo</Name>
                        <UniqueId>dcd02d98-159b-45d2-93c9-8c239f9da29a</UniqueId>
                        <ContentUniqueId>840be5db-b982-40e6-a71c-67c377a4940b</ContentUniqueId>
                        <ContentType>ContentManager.DataModel.ImageContent, ContentManager.DataModel, Version=5.2.1.5493, Culture=neutral, PublicKeyToken=null</ContentType>
                        <ContentName>Staples_Logo</ContentName>
                        <ScheduledContents />
                        <Recurrences>
                          <Recurrence>
                            <DatabaseId>149</DatabaseId>
                            <Name>Recurrence</Name>
                            <Pattern d8p1:type="DailyRecurrencePattern">
                              <DatabaseId>149</DatabaseId>
                            </Pattern>
                            <Range d8p1:type="EternalRange">
                              <DatabaseId>149</DatabaseId>
                              <StartDate>2016-04-11T00:00:00</StartDate>
                            </Range>
                            <IsAllDay>true</IsAllDay>
                            <StartTime>
                              <Days>0</Days>
                              <Hours>9</Hours>
                              <Minutes>0</Minutes>
                            </StartTime>
                            <Duration>
                              <Days>0</Days>
                              <Hours>3</Hours>
                              <Minutes>0</Minutes>
                            </Duration>
                          </Recurrence>
                        </Recurrences>
                        <Interruptions />
                        <ClickBehaviors />
                        <PlayBehaviors />
                        <Rules />
                        <SerializableVariables />
                      </ScheduledContent>
                    </ScheduledContents>
                    <Recurrences />
                    <Interruptions />
                    <ClickBehaviors />
                    <PlayBehaviors />
                    <Rules />
                    <SerializableVariables />
                    <InheritRecurrences>true</InheritRecurrences>
                  </ScheduledContent>
                  <ScheduledContent d8p1:type="ScheduledFormatTemplateRegion">
                    <RowVersion>1</RowVersion>
                    <Name>Lower</Name>
                    <UniqueId>5778269c-8f07-4a4c-a950-9df16f34db09</UniqueId>
                    <ContentUniqueId>e1893ee0-8efd-4faa-a2b3-de8eb61dc5b9</ContentUniqueId>
                    <ContentType>ContentManager.DataModel.FormatTemplateRegion, ContentManager.DataModel, Version=5.2.1.5493, Culture=neutral, PublicKeyToken=null</ContentType>
                    <ContentName>Lower</ContentName>
                    <ScheduledContents>
                      <ScheduledContent>
                        <RowVersion>1</RowVersion>
                        <Name>Snow</Name>
                        <UniqueId>130d1b61-863c-4f6d-8ce9-7bd533173cc9</UniqueId>
                        <ContentUniqueId>a7d58914-fafc-49fa-b7c9-ef37994dce6a</ContentUniqueId>
                        <ContentType>ContentManager.DataModel.ImageContent, ContentManager.DataModel, Version=5.2.1.5493, Culture=neutral, PublicKeyToken=null</ContentType>
                        <ContentName>Snow</ContentName>
                        <ScheduledContents />
                        <Recurrences>
                          <Recurrence>
                            <DatabaseId>150</DatabaseId>
                            <Name>Recurrence</Name>
                            <Pattern d8p1:type="DailyRecurrencePattern">
                              <DatabaseId>150</DatabaseId>
                            </Pattern>
                            <Range d8p1:type="EternalRange">
                              <DatabaseId>150</DatabaseId>
                              <StartDate>2016-06-09T00:00:00</StartDate>
                            </Range>
                            <IsAllDay>true</IsAllDay>
                            <StartTime>
                              <Days>0</Days>
                              <Hours>11</Hours>
                              <Minutes>0</Minutes>
                            </StartTime>
                            <Duration>
                              <Days>0</Days>
                              <Hours>3</Hours>
                              <Minutes>0</Minutes>
                            </Duration>
                          </Recurrence>
                        </Recurrences>
                        <Interruptions />
                        <ClickBehaviors />
                        <PlayBehaviors />
                        <Rules />
                        <SerializableVariables />
                      </ScheduledContent>
                    </ScheduledContents>
                    <Recurrences />
                    <Interruptions />
                    <ClickBehaviors />
                    <PlayBehaviors />
                    <Rules />
                    <SerializableVariables />
                    <InheritRecurrences>true</InheritRecurrences>
                  </ScheduledContent>
                  <ScheduledContent d8p1:type="ScheduledFormatTemplateRegion">
                    <RowVersion>1</RowVersion>
                    <Name>Upper</Name>
                    <UniqueId>8e838772-510c-47ef-9a7c-6392f2dadd36</UniqueId>
                    <ContentUniqueId>41f2cac7-3f99-4c2b-90e4-7ba1175d36c9</ContentUniqueId>
                    <ContentType>ContentManager.DataModel.FormatTemplateRegion, ContentManager.DataModel, Version=5.2.1.5493, Culture=neutral, PublicKeyToken=null</ContentType>
                    <ContentName>Upper</ContentName>
                    <ScheduledContents>
                      <ScheduledContent>
                        <RowVersion>1</RowVersion>
                        <Name>Pryamid</Name>
                        <UniqueId>4d29e5c1-62a2-49d3-a4f1-37c1705f16a8</UniqueId>
                        <ContentUniqueId>193daac2-edb2-437d-8128-c2fdceaca0c9</ContentUniqueId>
                        <ContentType>ContentManager.DataModel.ImageContent, ContentManager.DataModel, Version=5.2.1.5493, Culture=neutral, PublicKeyToken=null</ContentType>
                        <ContentName>Pryamid</ContentName>
                        <ScheduledContents />
                        <Recurrences>
                          <Recurrence>
                            <DatabaseId>151</DatabaseId>
                            <Name>Recurrence</Name>
                            <Pattern d8p1:type="DailyRecurrencePattern">
                              <DatabaseId>151</DatabaseId>
                            </Pattern>
                            <Range d8p1:type="EternalRange">
                              <DatabaseId>151</DatabaseId>
                              <StartDate>2016-06-09T00:00:00</StartDate>
                            </Range>
                            <IsAllDay>true</IsAllDay>
                            <StartTime>
                              <Days>0</Days>
                              <Hours>11</Hours>
                              <Minutes>0</Minutes>
                            </StartTime>
                            <Duration>
                              <Days>0</Days>
                              <Hours>3</Hours>
                              <Minutes>0</Minutes>
                            </Duration>
                          </Recurrence>
                        </Recurrences>
                        <Interruptions />
                        <ClickBehaviors />
                        <PlayBehaviors />
                        <Rules />
                        <SerializableVariables />
                      </ScheduledContent>
                    </ScheduledContents>
                    <Recurrences />
                    <Interruptions />
                    <ClickBehaviors />
                    <PlayBehaviors />
                    <Rules />
                    <SerializableVariables />
                    <InheritRecurrences>true</InheritRecurrences>
                  </ScheduledContent>
                  <ScheduledContent d8p1:type="ScheduledFormatTemplateRegion">
                    <RowVersion>1</RowVersion>
                    <Name>BG</Name>
                    <UniqueId>c60a4270-77ba-47ca-859b-001fd9c283f6</UniqueId>
                    <ContentUniqueId>7d3bc923-b4b0-42b2-a589-9c1c287a58c1</ContentUniqueId>
                    <ContentType>ContentManager.DataModel.FormatTemplateRegion, ContentManager.DataModel, Version=5.2.1.5493, Culture=neutral, PublicKeyToken=null</ContentType>
                    <ContentName>BG</ContentName>
                    <ScheduledContents>
                      <ScheduledContent>
                        <RowVersion>1</RowVersion>
                        <Name>BG</Name>
                        <UniqueId>b1040b8e-265b-4297-b0ea-99415b9b6e01</UniqueId>
                        <ContentUniqueId>3e52bf6e-4fa6-40b6-9ff0-8d2911257be2</ContentUniqueId>
                        <ContentType>ContentManager.DataModel.ImageContent, ContentManager.DataModel, Version=5.2.1.5493, Culture=neutral, PublicKeyToken=null</ContentType>
                        <ContentName>BG</ContentName>
                        <ScheduledContents />
                        <Recurrences>
                          <Recurrence>
                            <DatabaseId>152</DatabaseId>
                            <Name>Recurrence</Name>
                            <Pattern d8p1:type="DailyRecurrencePattern">
                              <DatabaseId>152</DatabaseId>
                            </Pattern>
                            <Range d8p1:type="EternalRange">
                              <DatabaseId>152</DatabaseId>
                              <StartDate>2016-04-11T00:00:00</StartDate>
                            </Range>
                            <IsAllDay>true</IsAllDay>
                            <StartTime>
                              <Days>0</Days>
                              <Hours>9</Hours>
                              <Minutes>0</Minutes>
                            </StartTime>
                            <Duration>
                              <Days>0</Days>
                              <Hours>3</Hours>
                              <Minutes>0</Minutes>
                            </Duration>
                          </Recurrence>
                        </Recurrences>
                        <Interruptions />
                        <ClickBehaviors />
                        <PlayBehaviors />
                        <Rules />
                        <SerializableVariables />
                      </ScheduledContent>
                    </ScheduledContents>
                    <Recurrences />
                    <Interruptions />
                    <ClickBehaviors />
                    <PlayBehaviors />
                    <Rules />
                    <SerializableVariables />
                    <InheritRecurrences>true</InheritRecurrences>
                  </ScheduledContent>
                </ScheduledContents>
                <Recurrences>
                  <Recurrence>
                    <DatabaseId>147</DatabaseId>
                    <Name>Recurrence</Name>
                    <Pattern d8p1:type="DailyRecurrencePattern">
                      <DatabaseId>147</DatabaseId>
                    </Pattern>
                    <Range d8p1:type="EternalRange">
                      <DatabaseId>147</DatabaseId>
                      <StartDate>2016-06-09T00:00:00</StartDate>
                    </Range>
                    <IsAllDay>true</IsAllDay>
                    <StartTime>
                      <Days>0</Days>
                      <Hours>10</Hours>
                      <Minutes>0</Minutes>
                    </StartTime>
                    <Duration>
                      <Days>0</Days>
                      <Hours>3</Hours>
                      <Minutes>0</Minutes>
                    </Duration>
                  </Recurrence>
                </Recurrences>
                <Interruptions />
                <ClickBehaviors />
                <PlayBehaviors />
                <Rules />
                <SerializableVariables />
              </ScheduledContent>
              <ScheduledContent d8p1:type="ScheduledSignApp" xmlns:d8p1="http://www.w3.org/2001/XMLSchema-instance">
                <RowVersion>1</RowVersion>
                <Name>Announcements: Flat Design with Photo (Windows 1920x1080)</Name>
                <UniqueId>92d67777-d51d-46bf-8a0f-cbd9f73e1651</UniqueId>
                <ContentUniqueId>cb7f70f4-c6b8-43ff-9a6b-7e1a9ba52e0d</ContentUniqueId>
                <ContentType>ContentManager.DataModel.Apps.SignApp, ContentManager.DataModel, Version=5.2.1.5493, Culture=neutral, PublicKeyToken=null</ContentType>
                <ContentName>Announcements: Flat Design with Photo (Windows 1920x1080)</ContentName>
                <ScheduledContents />
                <Recurrences>
                  <Recurrence>
                    <DatabaseId>154</DatabaseId>
                    <Name>Recurrence</Name>
                    <Pattern d8p1:type="DailyRecurrencePattern">
                      <DatabaseId>154</DatabaseId>
                    </Pattern>
                    <Range d8p1:type="EternalRange">
                      <DatabaseId>154</DatabaseId>
                      <StartDate>2016-06-16T00:00:00</StartDate>
                    </Range>
                    <IsAllDay>true</IsAllDay>
                    <StartTime>
                      <Days>0</Days>
                      <Hours>9</Hours>
                      <Minutes>0</Minutes>
                    </StartTime>
                    <Duration>
                      <Days>0</Days>
                      <Hours>3</Hours>
                      <Minutes>0</Minutes>
                    </Duration>
                  </Recurrence>
                </Recurrences>
                <Interruptions />
                <ClickBehaviors />
                <PlayBehaviors />
                <Rules />
                <SerializableVariables />
                <Configuration>
                  <SerializableParameters />
                  <SerializableWorkingParameters />
                  <WorkflowStatus>Approved</WorkflowStatus>
                  <IsOriginalItem>true</IsOriginalItem>
                  <RelatedItemId>00000000-0000-0000-0000-000000000000</RelatedItemId>
                </Configuration>
              </ScheduledContent>
            </ScheduledItems>
          </Menu>
          <Description />
          <SftpConnectionProperties>
            <Name>SftpConnectionProperties</Name>
            <Hostname>https://services.fwicloud.com/fwiservices5</Hostname>
            <Username>Staples Inc\costaples</Username>
            <ExtendedProperties>0tMOwhMq0i8NnQdA97BOzXZCdYRuu/ag/gdPKlm4YI0=</ExtendedProperties>
            <Port>80</Port>
            <Protocol>Fwi</Protocol>
            <Path />
          </SftpConnectionProperties>
          <DeploymentId>TEST1</DeploymentId>
          <SuggestedPollingInterval>60</SuggestedPollingInterval>
          <Variables />
          <ScheduledAppConfigurations52 />
          <ContentScalingBehavior>ActualSize</ContentScalingBehavior>
          <ContentScalingBehaviorCustomSize>
            <Width>0</Width>
            <Height>0</Height>
          </ContentScalingBehaviorCustomSize>
          <IsContentAligned>true</IsContentAligned>
          <ContentAlignment>MiddleCenter</ContentAlignment>
          <IsTopMost>false</IsTopMost>
          <DeploymentType>Sftp</DeploymentType>
          <IsDynamicallyActivated>false</IsDynamicallyActivated>
          <ActivationImplies>true</ActivationImplies>
          <ActivationOperator>ExactlyMatches</ActivationOperator>
          <Resources />
          <ResourcesUpdateIntervalTicks>0</ResourcesUpdateIntervalTicks>
          <DeleteUnusedContent>false</DeleteUnusedContent>
          <WakeUpPlayer>false</WakeUpPlayer>
          <IsHighPriority>false</IsHighPriority>
          <IdleTimerDurationTicks>0</IdleTimerDurationTicks>
          <LogicalVersion>
            <DatabaseId>20</DatabaseId>
            <Name>LogicalVersionData</Name>
            <Version>5</Version>
            <EntityType>Channel</EntityType>
            <UniqueId>f9749cf7-618f-42a9-bc82-d4b07abe29d1</UniqueId>
          </LogicalVersion>
          <MulticastTtl>0</MulticastTtl>
          <MulticastIPAddressExpr />
          <MulticastPortExpr />
          <Rs232Commands />
          <Controllable>true</Controllable>
          <DisplayType>NonRs232</DisplayType>
          <DisplayId>0</DisplayId>
          <DisplayPort />
          <ComputerName />
        </Machine>
      </Machines>
      <ContentManagerVersion />
      <LocalStagingPath />
      <LogicalVersion>
        <Name>LogicalVersionData</Name>
        <Version>1</Version>
        <EntityType>Company</EntityType>
        <UniqueId>99e030a9-d4ca-4d94-a110-6b738ca63409</UniqueId>
      </LogicalVersion>
      <SerializableWebSigns />
    </Company>
    <InterruptionBehavior>Immediate</InterruptionBehavior>
    <PlayContentImmediately>true</PlayContentImmediately>
    <PlayContentWhen>0001-01-01T00:00:00</PlayContentWhen>
    <WantUnusedContentDeleted>false</WantUnusedContentDeleted>
    <WakeUpPlayer>false</WakeUpPlayer>
    <ReportingInfo>
      <DeploymentId>TEST1</DeploymentId>
      <DeploymentName>Computer</DeploymentName>
      <DeploymentUniqueId>1bfedf7d-2285-4d9a-b7ee-bff6e5a2dc7a</DeploymentUniqueId>
      <Locations>
        <SerializableKeyValuePairOfGuidString>
          <Key>86c39f4a-f1ef-4ac9-8724-a8b2e935b784</Key>
          <Value>Staples Inc</Value>
        </SerializableKeyValuePairOfGuidString>
        <SerializableKeyValuePairOfGuidString>
          <Key>cc10ff0e-a464-4ea5-a970-15dbfb20692b</Key>
          <Value>Training</Value>
        </SerializableKeyValuePairOfGuidString>
      </Locations>
      <Variables />
    </ReportingInfo>
    <AvailableContent>
      <Content d4p1:type="ImageContent" xmlns:d4p1="http://www.w3.org/2001/XMLSchema-instance">
        <RowVersion>3</RowVersion>
        <Name>Training Beach Pic</Name>
        <UniqueId>f48d7028-097d-4405-bd3d-e99d20f4521d</UniqueId>
        <CreationTime>2016-06-09T10:24:15</CreationTime>
        <Opacity>255</Opacity>
        <TransparencyKeyHtml>Black</TransparencyKeyHtml>
        <UseExactDuration>false</UseExactDuration>
        <IsBarCodeRegularExpression>false</IsBarCodeRegularExpression>
        <AdditionalResources />
        <UpdateIntervalTicks>36000000000</UpdateIntervalTicks>
        <Advertiser>00000000-0000-0000-0000-000000000000</Advertiser>
        <SerializableVariables />
        <BarCodes />
        <Contents />
        <Description />
        <DurationVariableName />
        <DurationTicks>50000000</DurationTicks>
        <DynamicUrl>
          <DatabaseId>157</DatabaseId>
          <Name>DynamicUrl</Name>
          <CacheData>true</CacheData>
          <Path>Beach.jpg</Path>
          <Query />
          <UseUploadData>false</UseUploadData>
          <Method>Get</Method>
          <Username />
          <Password />
          <Domain />
          <ConnectionString />
          <CommandText />
          <DeploymentBehavior>CopySource</DeploymentBehavior>
        </DynamicUrl>
        <IsLogged>false</IsLogged>
        <Height>0</Height>
        <Width>0</Width>
        <SuggestedRecurrence>
          <DatabaseId>141</DatabaseId>
          <Name>Recurrence</Name>
          <Pattern d4p1:type="DailyRecurrencePattern">
            <DatabaseId>141</DatabaseId>
          </Pattern>
          <Range d4p1:type="EternalRange">
            <DatabaseId>141</DatabaseId>
            <StartDate>2016-06-09T00:00:00</StartDate>
          </Range>
          <IsAllDay>true</IsAllDay>
          <StartTime>
            <Days>0</Days>
            <Hours>11</Hours>
            <Minutes>0</Minutes>
          </StartTime>
          <Duration>
            <Days>0</Days>
            <Hours>3</Hours>
            <Minutes>0</Minutes>
          </Duration>
        </SuggestedRecurrence>
        <BackColorHtml>Black</BackColorHtml>
        <Id>-1</Id>
        <WorkflowStatus>New</WorkflowStatus>
        <IsOriginalItem>true</IsOriginalItem>
        <RelatedItemId>00000000-0000-0000-0000-000000000000</RelatedItemId>
        <ScaleMode>FillNonProportionate</ScaleMode>
        <UseClipRectangle>false</UseClipRectangle>
        <ClipRectangle>
          <Location>
            <X>0</X>
            <Y>0</Y>
          </Location>
          <Size>
            <Width>0</Width>
            <Height>0</Height>
          </Size>
          <X>0</X>
          <Y>0</Y>
          <Width>0</Width>
          <Height>0</Height>
        </ClipRectangle>
        <Scrolling>None</Scrolling>
        <ScrollInstructionsTextFormat>
          <DatabaseId>70</DatabaseId>
          <SizeInPoints>12</SizeInPoints>
          <FamilyName>Arial</FamilyName>
          <Style>Bold</Style>
          <ForeColorHtml>White</ForeColorHtml>
          <Alignment>MiddleCenter</Alignment>
          <AutoSize>true</AutoSize>
          <HasMigratedAutoSize>true</HasMigratedAutoSize>
          <SizeBehavior>ShrinkFont</SizeBehavior>
        </ScrollInstructionsTextFormat>
        <ScrollInstructionsLocation>
          <X>0</X>
          <Y>0</Y>
        </ScrollInstructionsLocation>
        <IsHtml>false</IsHtml>
        <UseHtmlBodyWidth>false</UseHtmlBodyWidth>
        <HtmlBodyWidth>0</HtmlBodyWidth>
      </Content>
      <Content d4p1:type="ImageContent" xmlns:d4p1="http://www.w3.org/2001/XMLSchema-instance">
        <RowVersion>6</RowVersion>
        <Name>Staples_Logo</Name>
        <UniqueId>840be5db-b982-40e6-a71c-67c377a4940b</UniqueId>
        <CreationTime>2016-04-11T08:50:25</CreationTime>
        <Opacity>255</Opacity>
        <TransparencyKeyHtml>Black</TransparencyKeyHtml>
        <UseExactDuration>false</UseExactDuration>
        <IsBarCodeRegularExpression>false</IsBarCodeRegularExpression>
        <AdditionalResources />
        <UpdateIntervalTicks>36000000000</UpdateIntervalTicks>
        <Advertiser>00000000-0000-0000-0000-000000000000</Advertiser>
        <SerializableVariables />
        <BarCodes />
        <Contents />
        <Description />
        <DurationVariableName />
        <DurationTicks>27000000000</DurationTicks>
        <DynamicUrl>
          <DatabaseId>88</DatabaseId>
          <Name>DynamicUrl</Name>
          <CacheData>true</CacheData>
          <Path>302e80a4-d37c-47db-97f3-932608da9b1b.png</Path>
          <Query />
          <UseUploadData>false</UseUploadData>
          <Method>Get</Method>
          <Username />
          <Password />
          <Domain />
          <ConnectionString />
          <CommandText />
          <DeploymentBehavior>CopySource</DeploymentBehavior>
        </DynamicUrl>
        <IsLogged>false</IsLogged>
        <Height>0</Height>
        <Width>0</Width>
        <SuggestedRecurrence>
          <DatabaseId>51</DatabaseId>
          <Name>Recurrence</Name>
          <Pattern d4p1:type="DailyRecurrencePattern">
            <DatabaseId>51</DatabaseId>
          </Pattern>
          <Range d4p1:type="EternalRange">
            <DatabaseId>51</DatabaseId>
            <StartDate>2016-04-11T00:00:00</StartDate>
          </Range>
          <IsAllDay>true</IsAllDay>
          <StartTime>
            <Days>0</Days>
            <Hours>9</Hours>
            <Minutes>0</Minutes>
          </StartTime>
          <Duration>
            <Days>0</Days>
            <Hours>3</Hours>
            <Minutes>0</Minutes>
          </Duration>
        </SuggestedRecurrence>
        <BackColorHtml>Black</BackColorHtml>
        <Id>-1</Id>
        <WorkflowStatus>New</WorkflowStatus>
        <IsOriginalItem>true</IsOriginalItem>
        <RelatedItemId>00000000-0000-0000-0000-000000000000</RelatedItemId>
        <ScaleMode>Center</ScaleMode>
        <UseClipRectangle>false</UseClipRectangle>
        <ClipRectangle>
          <Location>
            <X>0</X>
            <Y>0</Y>
          </Location>
          <Size>
            <Width>0</Width>
            <Height>0</Height>
          </Size>
          <X>0</X>
          <Y>0</Y>
          <Width>0</Width>
          <Height>0</Height>
        </ClipRectangle>
        <Scrolling>None</Scrolling>
        <ScrollInstructionsTextFormat>
          <DatabaseId>34</DatabaseId>
          <SizeInPoints>12</SizeInPoints>
          <FamilyName>Arial</FamilyName>
          <Style>Bold</Style>
          <ForeColorHtml>White</ForeColorHtml>
          <Alignment>MiddleCenter</Alignment>
          <AutoSize>true</AutoSize>
          <HasMigratedAutoSize>true</HasMigratedAutoSize>
          <SizeBehavior>ShrinkFont</SizeBehavior>
        </ScrollInstructionsTextFormat>
        <ScrollInstructionsLocation>
          <X>0</X>
          <Y>0</Y>
        </ScrollInstructionsLocation>
        <IsHtml>false</IsHtml>
        <UseHtmlBodyWidth>false</UseHtmlBodyWidth>
        <HtmlBodyWidth>0</HtmlBodyWidth>
      </Content>
      <Content d4p1:type="ImageContent" xmlns:d4p1="http://www.w3.org/2001/XMLSchema-instance">
        <RowVersion>1</RowVersion>
        <Name>Snow</Name>
        <UniqueId>a7d58914-fafc-49fa-b7c9-ef37994dce6a</UniqueId>
        <CreationTime>2016-06-09T10:27:59</CreationTime>
        <Opacity>255</Opacity>
        <TransparencyKeyHtml>Black</TransparencyKeyHtml>
        <UseExactDuration>false</UseExactDuration>
        <IsBarCodeRegularExpression>false</IsBarCodeRegularExpression>
        <AdditionalResources />
        <UpdateIntervalTicks>36000000000</UpdateIntervalTicks>
        <Advertiser>00000000-0000-0000-0000-000000000000</Advertiser>
        <SerializableVariables />
        <BarCodes />
        <Contents />
        <Description />
        <DurationVariableName />
        <DurationTicks>300000000</DurationTicks>
        <DynamicUrl>
          <DatabaseId>158</DatabaseId>
          <Name>DynamicUrl</Name>
          <CacheData>true</CacheData>
          <Path>Snow.jpg</Path>
          <Query />
          <UseUploadData>false</UseUploadData>
          <Method>Get</Method>
          <Username />
          <Password />
          <Domain />
          <ConnectionString />
          <CommandText />
          <DeploymentBehavior>CopySource</DeploymentBehavior>
        </DynamicUrl>
        <IsLogged>false</IsLogged>
        <Height>0</Height>
        <Width>0</Width>
        <SuggestedRecurrence>
          <DatabaseId>142</DatabaseId>
          <Name>Recurrence</Name>
          <Pattern d4p1:type="DailyRecurrencePattern">
            <DatabaseId>142</DatabaseId>
          </Pattern>
          <Range d4p1:type="EternalRange">
            <DatabaseId>142</DatabaseId>
            <StartDate>2016-06-09T00:00:00</StartDate>
          </Range>
          <IsAllDay>true</IsAllDay>
          <StartTime>
            <Days>0</Days>
            <Hours>11</Hours>
            <Minutes>0</Minutes>
          </StartTime>
          <Duration>
            <Days>0</Days>
            <Hours>3</Hours>
            <Minutes>0</Minutes>
          </Duration>
        </SuggestedRecurrence>
        <BackColorHtml>Black</BackColorHtml>
        <Id>-1</Id>
        <WorkflowStatus>New</WorkflowStatus>
        <IsOriginalItem>true</IsOriginalItem>
        <RelatedItemId>00000000-0000-0000-0000-000000000000</RelatedItemId>
        <ScaleMode>Center</ScaleMode>
        <UseClipRectangle>false</UseClipRectangle>
        <ClipRectangle>
          <Location>
            <X>0</X>
            <Y>0</Y>
          </Location>
          <Size>
            <Width>0</Width>
            <Height>0</Height>
          </Size>
          <X>0</X>
          <Y>0</Y>
          <Width>0</Width>
          <Height>0</Height>
        </ClipRectangle>
        <Scrolling>None</Scrolling>
        <ScrollInstructionsTextFormat>
          <DatabaseId>71</DatabaseId>
          <SizeInPoints>12</SizeInPoints>
          <FamilyName>Arial</FamilyName>
          <Style>Bold</Style>
          <ForeColorHtml>White</ForeColorHtml>
          <Alignment>MiddleCenter</Alignment>
          <AutoSize>true</AutoSize>
          <HasMigratedAutoSize>true</HasMigratedAutoSize>
          <SizeBehavior>ShrinkFont</SizeBehavior>
        </ScrollInstructionsTextFormat>
        <ScrollInstructionsLocation>
          <X>0</X>
          <Y>0</Y>
        </ScrollInstructionsLocation>
        <IsHtml>false</IsHtml>
        <UseHtmlBodyWidth>false</UseHtmlBodyWidth>
        <HtmlBodyWidth>0</HtmlBodyWidth>
      </Content>
      <Content d4p1:type="ImageContent" xmlns:d4p1="http://www.w3.org/2001/XMLSchema-instance">
        <RowVersion>1</RowVersion>
        <Name>Pryamid</Name>
        <UniqueId>193daac2-edb2-437d-8128-c2fdceaca0c9</UniqueId>
        <CreationTime>2016-06-09T10:27:59</CreationTime>
        <Opacity>255</Opacity>
        <TransparencyKeyHtml>Black</TransparencyKeyHtml>
        <UseExactDuration>false</UseExactDuration>
        <IsBarCodeRegularExpression>false</IsBarCodeRegularExpression>
        <AdditionalResources />
        <UpdateIntervalTicks>36000000000</UpdateIntervalTicks>
        <Advertiser>00000000-0000-0000-0000-000000000000</Advertiser>
        <SerializableVariables />
        <BarCodes />
        <Contents />
        <Description />
        <DurationVariableName />
        <DurationTicks>300000000</DurationTicks>
        <DynamicUrl>
          <DatabaseId>159</DatabaseId>
          <Name>DynamicUrl</Name>
          <CacheData>true</CacheData>
          <Path>Pryamid.jpg</Path>
          <Query />
          <UseUploadData>false</UseUploadData>
          <Method>Get</Method>
          <Username />
          <Password />
          <Domain />
          <ConnectionString />
          <CommandText />
          <DeploymentBehavior>CopySource</DeploymentBehavior>
        </DynamicUrl>
        <IsLogged>false</IsLogged>
        <Height>0</Height>
        <Width>0</Width>
        <SuggestedRecurrence>
          <DatabaseId>143</DatabaseId>
          <Name>Recurrence</Name>
          <Pattern d4p1:type="DailyRecurrencePattern">
            <DatabaseId>143</DatabaseId>
          </Pattern>
          <Range d4p1:type="EternalRange">
            <DatabaseId>143</DatabaseId>
            <StartDate>2016-06-09T00:00:00</StartDate>
          </Range>
          <IsAllDay>true</IsAllDay>
          <StartTime>
            <Days>0</Days>
            <Hours>11</Hours>
            <Minutes>0</Minutes>
          </StartTime>
          <Duration>
            <Days>0</Days>
            <Hours>3</Hours>
            <Minutes>0</Minutes>
          </Duration>
        </SuggestedRecurrence>
        <BackColorHtml>Black</BackColorHtml>
        <Id>-1</Id>
        <WorkflowStatus>New</WorkflowStatus>
        <IsOriginalItem>true</IsOriginalItem>
        <RelatedItemId>00000000-0000-0000-0000-000000000000</RelatedItemId>
        <ScaleMode>FillNonProportionate</ScaleMode>
        <UseClipRectangle>false</UseClipRectangle>
        <ClipRectangle>
          <Location>
            <X>0</X>
            <Y>0</Y>
          </Location>
          <Size>
            <Width>0</Width>
            <Height>0</Height>
          </Size>
          <X>0</X>
          <Y>0</Y>
          <Width>0</Width>
          <Height>0</Height>
        </ClipRectangle>
        <Scrolling>None</Scrolling>
        <ScrollInstructionsTextFormat>
          <DatabaseId>72</DatabaseId>
          <SizeInPoints>12</SizeInPoints>
          <FamilyName>Arial</FamilyName>
          <Style>Bold</Style>
          <ForeColorHtml>White</ForeColorHtml>
          <Alignment>MiddleCenter</Alignment>
          <AutoSize>true</AutoSize>
          <HasMigratedAutoSize>true</HasMigratedAutoSize>
          <SizeBehavior>ShrinkFont</SizeBehavior>
        </ScrollInstructionsTextFormat>
        <ScrollInstructionsLocation>
          <X>0</X>
          <Y>0</Y>
        </ScrollInstructionsLocation>
        <IsHtml>false</IsHtml>
        <UseHtmlBodyWidth>false</UseHtmlBodyWidth>
        <HtmlBodyWidth>0</HtmlBodyWidth>
      </Content>
      <Content d4p1:type="ImageContent" xmlns:d4p1="http://www.w3.org/2001/XMLSchema-instance">
        <RowVersion>4</RowVersion>
        <Name>BG</Name>
        <UniqueId>3e52bf6e-4fa6-40b6-9ff0-8d2911257be2</UniqueId>
        <CreationTime>2016-04-11T08:51:04</CreationTime>
        <Opacity>255</Opacity>
        <TransparencyKeyHtml>Black</TransparencyKeyHtml>
        <UseExactDuration>false</UseExactDuration>
        <IsBarCodeRegularExpression>false</IsBarCodeRegularExpression>
        <AdditionalResources />
        <UpdateIntervalTicks>36000000000</UpdateIntervalTicks>
        <Advertiser>00000000-0000-0000-0000-000000000000</Advertiser>
        <SerializableVariables />
        <BarCodes />
        <Contents />
        <Description />
        <DurationVariableName />
        <DurationTicks>0</DurationTicks>
        <DynamicUrl>
          <DatabaseId>90</DatabaseId>
          <Name>DynamicUrl</Name>
          <CacheData>true</CacheData>
          <Path>67661056-a306-40a4-a461-a72270a99621.png</Path>
          <Query />
          <UseUploadData>false</UseUploadData>
          <Method>Get</Method>
          <Username />
          <Password />
          <Domain />
          <ConnectionString />
          <CommandText />
          <DeploymentBehavior>CopySource</DeploymentBehavior>
        </DynamicUrl>
        <IsLogged>false</IsLogged>
        <Height>0</Height>
        <Width>0</Width>
        <SuggestedRecurrence>
          <DatabaseId>53</DatabaseId>
          <Name>Recurrence</Name>
          <Pattern d4p1:type="DailyRecurrencePattern">
            <DatabaseId>53</DatabaseId>
          </Pattern>
          <Range d4p1:type="EternalRange">
            <DatabaseId>53</DatabaseId>
            <StartDate>2016-04-11T00:00:00</StartDate>
          </Range>
          <IsAllDay>true</IsAllDay>
          <StartTime>
            <Days>0</Days>
            <Hours>9</Hours>
            <Minutes>0</Minutes>
          </StartTime>
          <Duration>
            <Days>0</Days>
            <Hours>3</Hours>
            <Minutes>0</Minutes>
          </Duration>
        </SuggestedRecurrence>
        <BackColorHtml>Black</BackColorHtml>
        <Id>-1</Id>
        <WorkflowStatus>New</WorkflowStatus>
        <IsOriginalItem>true</IsOriginalItem>
        <RelatedItemId>00000000-0000-0000-0000-000000000000</RelatedItemId>
        <ScaleMode>Center</ScaleMode>
        <UseClipRectangle>false</UseClipRectangle>
        <ClipRectangle>
          <Location>
            <X>0</X>
            <Y>0</Y>
          </Location>
          <Size>
            <Width>0</Width>
            <Height>0</Height>
          </Size>
          <X>0</X>
          <Y>0</Y>
          <Width>0</Width>
          <Height>0</Height>
        </ClipRectangle>
        <Scrolling>None</Scrolling>
        <ScrollInstructionsTextFormat>
          <DatabaseId>36</DatabaseId>
          <SizeInPoints>12</SizeInPoints>
          <FamilyName>Arial</FamilyName>
          <Style>Bold</Style>
          <ForeColorHtml>White</ForeColorHtml>
          <Alignment>MiddleCenter</Alignment>
          <AutoSize>true</AutoSize>
          <HasMigratedAutoSize>true</HasMigratedAutoSize>
          <SizeBehavior>ShrinkFont</SizeBehavior>
        </ScrollInstructionsTextFormat>
        <ScrollInstructionsLocation>
          <X>0</X>
          <Y>0</Y>
        </ScrollInstructionsLocation>
        <IsHtml>false</IsHtml>
        <UseHtmlBodyWidth>false</UseHtmlBodyWidth>
        <HtmlBodyWidth>0</HtmlBodyWidth>
      </Content>
    </AvailableContent>
    <AvailableTemplates>
      <FormatTemplate>
        <RowVersion>2</RowVersion>
        <Name>Training Template</Name>
        <ParentId>00000000-0000-0000-0000-000000000000</ParentId>
        <UniqueId>99c51885-f556-4695-a9ff-0359c2a98cb8</UniqueId>
        <CreationTime>2016-06-09T10:35:35</CreationTime>
        <Opacity>255</Opacity>
        <TransparencyKeyHtml>Black</TransparencyKeyHtml>
        <UseExactDuration>false</UseExactDuration>
        <IsBarCodeRegularExpression>false</IsBarCodeRegularExpression>
        <AdditionalResources />
        <UpdateIntervalTicks>36000000000</UpdateIntervalTicks>
        <Advertiser>00000000-0000-0000-0000-000000000000</Advertiser>
        <SerializableVariables />
        <BarCodes />
        <Contents />
        <Description />
        <DurationTicks>0</DurationTicks>
        <IsLogged>false</IsLogged>
        <Height>1080</Height>
        <Width>1920</Width>
        <SuggestedRecurrence>
          <DatabaseId>145</DatabaseId>
          <Name>Recurrence</Name>
          <Pattern d6p1:type="DailyRecurrencePattern" xmlns:d6p1="http://www.w3.org/2001/XMLSchema-instance">
            <DatabaseId>145</DatabaseId>
          </Pattern>
          <Range d6p1:type="EternalRange" xmlns:d6p1="http://www.w3.org/2001/XMLSchema-instance">
            <DatabaseId>145</DatabaseId>
            <StartDate>2016-06-09T00:00:00</StartDate>
          </Range>
          <IsAllDay>true</IsAllDay>
          <StartTime>
            <Days>0</Days>
            <Hours>11</Hours>
            <Minutes>0</Minutes>
          </StartTime>
          <Duration>
            <Days>0</Days>
            <Hours>3</Hours>
            <Minutes>0</Minutes>
          </Duration>
        </SuggestedRecurrence>
        <BackColorHtml>#FF000000</BackColorHtml>
        <Id>-1</Id>
        <IsOriginalItem>true</IsOriginalItem>
        <RelatedItemId>00000000-0000-0000-0000-000000000000</RelatedItemId>
        <UseSeparateWindowForVideo>false</UseSeparateWindowForVideo>
        <PlayerBackColorHtml>Black</PlayerBackColorHtml>
        <BackgroundUrl>
          <DatabaseId>161</DatabaseId>
          <Name>DynamicUrl</Name>
          <CacheData>true</CacheData>
          <Path>67661056-a306-40a4-a461-a72270a99621.png</Path>
          <Query />
          <UseUploadData>false</UseUploadData>
          <Method>Get</Method>
          <Username />
          <Password />
          <Domain />
          <ConnectionString />
          <CommandText />
          <DeploymentBehavior>CopySource</DeploymentBehavior>
        </BackgroundUrl>
        <Regions>
          <FormatTemplateRegion>
            <RowVersion>2</RowVersion>
            <Name>Main</Name>
            <UniqueId>ab969103-397b-42ac-ad23-8c82818ea718</UniqueId>
            <CreationTime d7p1:nil="true" xmlns:d7p1="http://www.w3.org/2001/XMLSchema-instance" />
            <Opacity>255</Opacity>
            <TransparencyKeyHtml>Black</TransparencyKeyHtml>
            <UseExactDuration>false</UseExactDuration>
            <IsBarCodeRegularExpression>false</IsBarCodeRegularExpression>
            <AdditionalResources />
            <UpdateIntervalTicks>36000000000</UpdateIntervalTicks>
            <Advertiser>00000000-0000-0000-0000-000000000000</Advertiser>
            <SerializableVariables />
            <BarCodes />
            <Contents />
            <Description />
            <DurationTicks>0</DurationTicks>
            <IsLogged>false</IsLogged>
            <Height>731</Height>
            <Width>1152</Width>
            <BackColorHtml>Transparent</BackColorHtml>
            <Id>-1</Id>
            <IsOriginalItem>true</IsOriginalItem>
            <RelatedItemId>00000000-0000-0000-0000-000000000000</RelatedItemId>
            <UseSeparateWindowForVideo>false</UseSeparateWindowForVideo>
            <PlayerBackColorHtml>Black</PlayerBackColorHtml>
            <BackgroundUrl>
              <DatabaseId>162</DatabaseId>
              <Name>DynamicUrl</Name>
              <CacheData>true</CacheData>
              <Path />
              <Query />
              <UseUploadData>false</UseUploadData>
              <Method>Get</Method>
              <Username />
              <Password />
              <Domain />
              <ConnectionString />
              <CommandText />
              <DeploymentBehavior>CopySource</DeploymentBehavior>
            </BackgroundUrl>
            <Regions />
            <SequenceRegionId />
            <RssTransformUrl>
              <DatabaseId>163</DatabaseId>
              <Name>DynamicUrl</Name>
              <CacheData>true</CacheData>
              <Path />
              <Query />
              <UseUploadData>false</UseUploadData>
              <Method>Get</Method>
              <Username />
              <Password />
              <Domain />
              <ConnectionString />
              <CommandText />
              <DeploymentBehavior>CopySource</DeploymentBehavior>
            </RssTransformUrl>
            <RssTransformName />
            <X>44</X>
            <Y>212</Y>
            <ZIndex>1</ZIndex>
            <ScrollsText>false</ScrollsText>
            <ScrollBehavior>RightToLeft</ScrollBehavior>
            <AllowAllContent>true</AllowAllContent>
            <AllowedContentTypes />
            <PlayAsSeparateProcess>false</PlayAsSeparateProcess>
            <PlayAsSeparateWindow>false</PlayAsSeparateWindow>
            <ExternalZIndex>1</ExternalZIndex>
            <SpanRegionName />
          </FormatTemplateRegion>
          <FormatTemplateRegion>
            <RowVersion>2</RowVersion>
            <Name>Logo</Name>
            <UniqueId>2c608e4d-6a06-4702-9517-3106b94902fd</UniqueId>
            <CreationTime d7p1:nil="true" xmlns:d7p1="http://www.w3.org/2001/XMLSchema-instance" />
            <Opacity>255</Opacity>
            <TransparencyKeyHtml>Black</TransparencyKeyHtml>
            <UseExactDuration>false</UseExactDuration>
            <IsBarCodeRegularExpression>false</IsBarCodeRegularExpression>
            <AdditionalResources />
            <UpdateIntervalTicks>36000000000</UpdateIntervalTicks>
            <Advertiser>00000000-0000-0000-0000-000000000000</Advertiser>
            <SerializableVariables />
            <BarCodes />
            <Contents />
            <Description />
            <DurationTicks>0</DurationTicks>
            <IsLogged>false</IsLogged>
            <Height>92</Height>
            <Width>362</Width>
            <BackColorHtml>Transparent</BackColorHtml>
            <Id>-1</Id>
            <IsOriginalItem>true</IsOriginalItem>
            <RelatedItemId>00000000-0000-0000-0000-000000000000</RelatedItemId>
            <UseSeparateWindowForVideo>false</UseSeparateWindowForVideo>
            <PlayerBackColorHtml>Black</PlayerBackColorHtml>
            <BackgroundUrl>
              <DatabaseId>164</DatabaseId>
              <Name>DynamicUrl</Name>
              <CacheData>true</CacheData>
              <Path />
              <Query />
              <UseUploadData>false</UseUploadData>
              <Method>Get</Method>
              <Username />
              <Password />
              <Domain />
              <ConnectionString />
              <CommandText />
              <DeploymentBehavior>CopySource</DeploymentBehavior>
            </BackgroundUrl>
            <Regions />
            <SequenceRegionId />
            <RssTransformUrl>
              <DatabaseId>165</DatabaseId>
              <Name>DynamicUrl</Name>
              <CacheData>true</CacheData>
              <Path />
              <Query />
              <UseUploadData>false</UseUploadData>
              <Method>Get</Method>
              <Username />
              <Password />
              <Domain />
              <ConnectionString />
              <CommandText />
              <DeploymentBehavior>CopySource</DeploymentBehavior>
            </RssTransformUrl>
            <RssTransformName />
            <X>44</X>
            <Y>63</Y>
            <ZIndex>2</ZIndex>
            <ScrollsText>false</ScrollsText>
            <ScrollBehavior>RightToLeft</ScrollBehavior>
            <AllowAllContent>true</AllowAllContent>
            <AllowedContentTypes />
            <PlayAsSeparateProcess>false</PlayAsSeparateProcess>
            <PlayAsSeparateWindow>false</PlayAsSeparateWindow>
            <ExternalZIndex>1</ExternalZIndex>
            <SpanRegionName />
          </FormatTemplateRegion>
          <FormatTemplateRegion>
            <RowVersion>2</RowVersion>
            <Name>Lower</Name>
            <UniqueId>e1893ee0-8efd-4faa-a2b3-de8eb61dc5b9</UniqueId>
            <CreationTime d7p1:nil="true" xmlns:d7p1="http://www.w3.org/2001/XMLSchema-instance" />
            <Opacity>255</Opacity>
            <TransparencyKeyHtml>Black</TransparencyKeyHtml>
            <UseExactDuration>false</UseExactDuration>
            <IsBarCodeRegularExpression>false</IsBarCodeRegularExpression>
            <AdditionalResources />
            <UpdateIntervalTicks>36000000000</UpdateIntervalTicks>
            <Advertiser>00000000-0000-0000-0000-000000000000</Advertiser>
            <SerializableVariables />
            <BarCodes />
            <Contents />
            <Description />
            <DurationTicks>0</DurationTicks>
            <IsLogged>false</IsLogged>
            <Height>385</Height>
            <Width>647</Width>
            <BackColorHtml>Transparent</BackColorHtml>
            <Id>-1</Id>
            <IsOriginalItem>true</IsOriginalItem>
            <RelatedItemId>00000000-0000-0000-0000-000000000000</RelatedItemId>
            <UseSeparateWindowForVideo>false</UseSeparateWindowForVideo>
            <PlayerBackColorHtml>Black</PlayerBackColorHtml>
            <BackgroundUrl>
              <DatabaseId>166</DatabaseId>
              <Name>DynamicUrl</Name>
              <CacheData>true</CacheData>
              <Path />
              <Query />
              <UseUploadData>false</UseUploadData>
              <Method>Get</Method>
              <Username />
              <Password />
              <Domain />
              <ConnectionString />
              <CommandText />
              <DeploymentBehavior>CopySource</DeploymentBehavior>
            </BackgroundUrl>
            <Regions />
            <SequenceRegionId />
            <RssTransformUrl>
              <DatabaseId>167</DatabaseId>
              <Name>DynamicUrl</Name>
              <CacheData>true</CacheData>
              <Path />
              <Query />
              <UseUploadData>false</UseUploadData>
              <Method>Get</Method>
              <Username />
              <Password />
              <Domain />
              <ConnectionString />
              <CommandText />
              <DeploymentBehavior>CopySource</DeploymentBehavior>
            </RssTransformUrl>
            <RssTransformName />
            <X>1259</X>
            <Y>296</Y>
            <ZIndex>3</ZIndex>
            <ScrollsText>false</ScrollsText>
            <ScrollBehavior>RightToLeft</ScrollBehavior>
            <AllowAllContent>true</AllowAllContent>
            <AllowedContentTypes />
            <PlayAsSeparateProcess>false</PlayAsSeparateProcess>
            <PlayAsSeparateWindow>false</PlayAsSeparateWindow>
            <ExternalZIndex>1</ExternalZIndex>
            <SpanRegionName />
          </FormatTemplateRegion>
          <FormatTemplateRegion>
            <RowVersion>2</RowVersion>
            <Name>Upper</Name>
            <UniqueId>41f2cac7-3f99-4c2b-90e4-7ba1175d36c9</UniqueId>
            <CreationTime d7p1:nil="true" xmlns:d7p1="http://www.w3.org/2001/XMLSchema-instance" />
            <Opacity>255</Opacity>
            <TransparencyKeyHtml>Black</TransparencyKeyHtml>
            <UseExactDuration>false</UseExactDuration>
            <IsBarCodeRegularExpression>false</IsBarCodeRegularExpression>
            <AdditionalResources />
            <UpdateIntervalTicks>36000000000</UpdateIntervalTicks>
            <Advertiser>00000000-0000-0000-0000-000000000000</Advertiser>
            <SerializableVariables />
            <BarCodes />
            <Contents />
            <Description />
            <DurationTicks>0</DurationTicks>
            <IsLogged>false</IsLogged>
            <Height>296</Height>
            <Width>640</Width>
            <BackColorHtml>Transparent</BackColorHtml>
            <Id>-1</Id>
            <IsOriginalItem>true</IsOriginalItem>
            <RelatedItemId>00000000-0000-0000-0000-000000000000</RelatedItemId>
            <UseSeparateWindowForVideo>false</UseSeparateWindowForVideo>
            <PlayerBackColorHtml>Black</PlayerBackColorHtml>
            <BackgroundUrl>
              <DatabaseId>168</DatabaseId>
              <Name>DynamicUrl</Name>
              <CacheData>true</CacheData>
              <Path />
              <Query />
              <UseUploadData>false</UseUploadData>
              <Method>Get</Method>
              <Username />
              <Password />
              <Domain />
              <ConnectionString />
              <CommandText />
              <DeploymentBehavior>CopySource</DeploymentBehavior>
            </BackgroundUrl>
            <Regions />
            <SequenceRegionId />
            <RssTransformUrl>
              <DatabaseId>169</DatabaseId>
              <Name>DynamicUrl</Name>
              <CacheData>true</CacheData>
              <Path />
              <Query />
              <UseUploadData>false</UseUploadData>
              <Method>Get</Method>
              <Username />
              <Password />
              <Domain />
              <ConnectionString />
              <CommandText />
              <DeploymentBehavior>CopySource</DeploymentBehavior>
            </RssTransformUrl>
            <RssTransformName />
            <X>1259</X>
            <Y>0</Y>
            <ZIndex>4</ZIndex>
            <ScrollsText>false</ScrollsText>
            <ScrollBehavior>RightToLeft</ScrollBehavior>
            <AllowAllContent>true</AllowAllContent>
            <AllowedContentTypes />
            <PlayAsSeparateProcess>false</PlayAsSeparateProcess>
            <PlayAsSeparateWindow>false</PlayAsSeparateWindow>
            <ExternalZIndex>1</ExternalZIndex>
            <SpanRegionName />
          </FormatTemplateRegion>
          <FormatTemplateRegion>
            <RowVersion>2</RowVersion>
            <Name>BG</Name>
            <UniqueId>7d3bc923-b4b0-42b2-a589-9c1c287a58c1</UniqueId>
            <CreationTime d7p1:nil="true" xmlns:d7p1="http://www.w3.org/2001/XMLSchema-instance" />
            <Opacity>255</Opacity>
            <TransparencyKeyHtml>Black</TransparencyKeyHtml>
            <UseExactDuration>false</UseExactDuration>
            <IsBarCodeRegularExpression>false</IsBarCodeRegularExpression>
            <AdditionalResources />
            <UpdateIntervalTicks>36000000000</UpdateIntervalTicks>
            <Advertiser>00000000-0000-0000-0000-000000000000</Advertiser>
            <SerializableVariables />
            <BarCodes />
            <Contents />
            <Description />
            <DurationTicks>0</DurationTicks>
            <IsLogged>false</IsLogged>
            <Height>1080</Height>
            <Width>1920</Width>
            <BackColorHtml>Transparent</BackColorHtml>
            <Id>-1</Id>
            <IsOriginalItem>true</IsOriginalItem>
            <RelatedItemId>00000000-0000-0000-0000-000000000000</RelatedItemId>
            <UseSeparateWindowForVideo>false</UseSeparateWindowForVideo>
            <PlayerBackColorHtml>Black</PlayerBackColorHtml>
            <BackgroundUrl>
              <DatabaseId>170</DatabaseId>
              <Name>DynamicUrl</Name>
              <CacheData>true</CacheData>
              <Path />
              <Query />
              <UseUploadData>false</UseUploadData>
              <Method>Get</Method>
              <Username />
              <Password />
              <Domain />
              <ConnectionString />
              <CommandText />
              <DeploymentBehavior>CopySource</DeploymentBehavior>
            </BackgroundUrl>
            <Regions />
            <SequenceRegionId />
            <RssTransformUrl>
              <DatabaseId>171</DatabaseId>
              <Name>DynamicUrl</Name>
              <CacheData>true</CacheData>
              <Path />
              <Query />
              <UseUploadData>false</UseUploadData>
              <Method>Get</Method>
              <Username />
              <Password />
              <Domain />
              <ConnectionString />
              <CommandText />
              <DeploymentBehavior>CopySource</DeploymentBehavior>
            </RssTransformUrl>
            <RssTransformName />
            <X>0</X>
            <Y>0</Y>
            <ZIndex>0</ZIndex>
            <ScrollsText>false</ScrollsText>
            <ScrollBehavior>RightToLeft</ScrollBehavior>
            <AllowAllContent>true</AllowAllContent>
            <AllowedContentTypes />
            <PlayAsSeparateProcess>false</PlayAsSeparateProcess>
            <PlayAsSeparateWindow>false</PlayAsSeparateWindow>
            <ExternalZIndex>1</ExternalZIndex>
            <SpanRegionName />
          </FormatTemplateRegion>
        </Regions>
        <SequenceRegionId>ab969103-397b-42ac-ad23-8c82818ea718</SequenceRegionId>
      </FormatTemplate>
    </AvailableTemplates>
    <AvailableApps>
      <SignApp>
        <RowVersion>1</RowVersion>
        <Name>Announcements: Flat Design with Photo (Windows 1920x1080)</Name>
        <ParentId>00000000-0000-0000-0000-000000000000</ParentId>
        <UniqueId>cb7f70f4-c6b8-43ff-9a6b-7e1a9ba52e0d</UniqueId>
        <CreationTime d5p1:nil="true" xmlns:d5p1="http://www.w3.org/2001/XMLSchema-instance" />
        <Opacity>255</Opacity>
        <TransparencyKeyHtml>Black</TransparencyKeyHtml>
        <UseExactDuration>false</UseExactDuration>
        <IsBarCodeRegularExpression>false</IsBarCodeRegularExpression>
        <AdditionalResources />
        <UpdateIntervalTicks>36000000000</UpdateIntervalTicks>
        <Advertiser>00000000-0000-0000-0000-000000000000</Advertiser>
        <SerializableVariables />
        <BarCodes />
        <Contents />
        <Description>This application is derived from FWI’s Multi-Purpose App, a proven base from which hundreds of simple, flexible messaging applications have been designed and developed. Thus, this application combines FWI’s best-in-class communication standards with powerful end-user flexibility; with minimal effort, it can be adapted to nearly any message and brand.
</Description>
        <DurationTicks>0</DurationTicks>
        <DynamicUrl>
          <DatabaseId>172</DatabaseId>
          <Name>DynamicUrl</Name>
          <CacheData>true</CacheData>
          <Path>App_AnnouncementsFlatPhoto_Windows1920x1080_1.0.0.dsapp</Path>
          <Query />
          <UseUploadData>false</UseUploadData>
          <Method>Get</Method>
          <Username />
          <Password />
          <Domain />
          <ConnectionString />
          <CommandText />
          <DeploymentBehavior>CopySource</DeploymentBehavior>
        </DynamicUrl>
        <IsLogged>false</IsLogged>
        <Height>0</Height>
        <Width>0</Width>
        <SuggestedRecurrence>
          <DatabaseId>153</DatabaseId>
          <Name>Recurrence</Name>
          <Pattern d6p1:type="DailyRecurrencePattern" xmlns:d6p1="http://www.w3.org/2001/XMLSchema-instance">
            <DatabaseId>153</DatabaseId>
          </Pattern>
          <Range d6p1:type="EternalRange" xmlns:d6p1="http://www.w3.org/2001/XMLSchema-instance">
            <DatabaseId>153</DatabaseId>
            <StartDate>2016-06-16T00:00:00</StartDate>
          </Range>
          <IsAllDay>true</IsAllDay>
          <StartTime>
            <Days>0</Days>
            <Hours>9</Hours>
            <Minutes>0</Minutes>
          </StartTime>
          <Duration>
            <Days>0</Days>
            <Hours>3</Hours>
            <Minutes>0</Minutes>
          </Duration>
        </SuggestedRecurrence>
        <BackColorHtml>Black</BackColorHtml>
        <Id>-1</Id>
        <WorkflowStatus>New</WorkflowStatus>
        <IsOriginalItem>true</IsOriginalItem>
        <RelatedItemId>00000000-0000-0000-0000-000000000000</RelatedItemId>
        <Manifest>
          <Name>Announcements: Flat Design with Photo (Windows 1920x1080)</Name>
          <Description>This application is derived from FWI’s Multi-Purpose App, a proven base from which hundreds of simple, flexible messaging applications have been designed and developed. Thus, this application combines FWI’s best-in-class communication standards with powerful end-user flexibility; with minimal effort, it can be adapted to nearly any message and brand.
</Description>
          <Tags>
            <string>Multi-Purpose Messenger</string>
          </Tags>
          <DocumentationFile>Documentation.pdf</DocumentationFile>
          <AdditionalFiles>
            <string>Announcement_T1_CreativeGuide.pdf</string>
            <string>antonio.zip</string>
            <string>OpenSans.zip</string>
          </AdditionalFiles>
          <IconFiles />
          <PublishDate>2015-08-07T15:53:02.6848561Z</PublishDate>
          <Id>00000000-0000-0000-0000-000000000000</Id>
          <Version>1.0.0</Version>
          <SupportedAspectRatios>
            <SupportedAspectRatio>
              <X>16</X>
              <Y>9</Y>
            </SupportedAspectRatio>
          </SupportedAspectRatios>
          <SupportedPlatforms>
            <string>Windows</string>
          </SupportedPlatforms>
          <SupportedResolutions>
            <SupportedResolution>
              <X>1920</X>
              <Y>1080</Y>
            </SupportedResolution>
          </SupportedResolutions>
          <Translations>
            <DefaultCulture>en-US</DefaultCulture>
            <TranslationTables>
              <item>
                <key>
                  <string>en-US</string>
                </key>
                <value>
                  <Translation xmlns:xsi="http://www.w3.org/2001/XMLSchema-instance" xmlns:xsd="http://www.w3.org/2001/XMLSchema">
                    <Culture>en-US</Culture>
                    <Entries>
                      <item>
                        <key>
                          <string>mpmBase_data</string>
                        </key>
                        <value>
                          <string>Data</string>
                        </value>
                      </item>
                      <item>
                        <key>
                          <string>mpmBase_YPH</string>
                        </key>
                        <value>
                          <string>Default Your Picture Here</string>
                        </value>
                      </item>
                      <item>
                        <key>
                          <string>mpmBase_default_background</string>
                        </key>
                        <value>
                          <string>Default Background</string>
                        </value>
                      </item>
                      <item>
                        <key>
                          <string>mpmBase_default_row1_font</string>
                        </key>
                        <value>
                          <string>Default Row 1 Font</string>
                        </value>
                      </item>
                      <item>
                        <key>
                          <string>mpmBase_default_row2_font</string>
                        </key>
                        <value>
                          <string>Default Row 2 Font</string>
                        </value>
                      </item>
                      <item>
                        <key>
                          <string>mpmBase_default_row3_font</string>
                        </key>
                        <value>
                          <string>Default Row 3 Font</string>
                        </value>
                      </item>
                      <item>
                        <key>
                          <string>mpmBase_is_icon</string>
                        </key>
                        <value>
                          <string>Icon Enabled</string>
                        </value>
                      </item>
                      <item>
                        <key>
                          <string>mpmBase_default_icon</string>
                        </key>
                        <value>
                          <string>Default Icon</string>
                        </value>
                      </item>
                      <item>
                        <key>
                          <string>mpmBase_default_overlay</string>
                        </key>
                        <value>
                          <string>Default Overlay</string>
                        </value>
                      </item>
                      <item>
                        <key>
                          <string>mpmBase_alt_text</string>
                        </key>
                        <value>
                          <string>Default Alt Text</string>
                        </value>
                      </item>
                      <item>
                        <key>
                          <string>mpmBase_default_icon_background_color</string>
                        </key>
                        <value>
                          <string>Default Icon Background Color</string>
                        </value>
                      </item>
                      <item>
                        <key>
                          <string>mpmBase_is_square_photo</string>
                        </key>
                        <value>
                          <string>Is Square Photo?</string>
                        </value>
                      </item>
                      <item>
                        <key>
                          <string>mpmBase_is_cursor</string>
                        </key>
                        <value>
                          <string>Cursor Enabled</string>
                        </value>
                      </item>
                      <item>
                        <key>
                          <string>mpmBase_data_appgrid</string>
                        </key>
                        <value>
                          <string>Data Source (In-app)</string>
                        </value>
                      </item>
                      <item>
                        <key>
                          <string>mpmBase_user_background</string>
                        </key>
                        <value>
                          <string>Background Path</string>
                        </value>
                      </item>
                      <item>
                        <key>
                          <string>mpmBase_user_row1_font</string>
                        </key>
                        <value>
                          <string>Row 1 Font</string>
                        </value>
                      </item>
                      <item>
                        <key>
                          <string>mpmBase_user_row2_font</string>
                        </key>
                        <value>
                          <string>Row 2 Font</string>
                        </value>
                      </item>
                      <item>
                        <key>
                          <string>mpmBase_user_row3_font</string>
                        </key>
                        <value>
                          <string>Row 3 Font</string>
                        </value>
                      </item>
                      <item>
                        <key>
                          <string>mpmBase_user_icon</string>
                        </key>
                        <value>
                          <string>Icon Path</string>
                        </value>
                      </item>
                      <item>
                        <key>
                          <string>mpmBase_user_overlay</string>
                        </key>
                        <value>
                          <string>Overlay Path</string>
                        </value>
                      </item>
                      <item>
                        <key>
                          <string>mpmBase_user_icon_background_color</string>
                        </key>
                        <value>
                          <string>Icon Background Color</string>
                        </value>
                      </item>
                      <item>
                        <key>
                          <string>mpmBase_is_background_blur</string>
                        </key>
                        <value>
                          <string>Background Blur</string>
                        </value>
                      </item>
                      <item>
                        <key>
                          <string>mpmBase_data_type</string>
                        </key>
                        <value>
                          <string>Data Type</string>
                        </value>
                      </item>
                      <item>
                        <key>
                          <string>csv</string>
                        </key>
                        <value>
                          <string>CSV</string>
                        </value>
                      </item>
                      <item>
                        <key>
                          <string>appgrid</string>
                        </key>
                        <value>
                          <string>App Grid</string>
                        </value>
                      </item>
                      <item>
                        <key>
                          <string>contentstore</string>
                        </key>
                        <value>
                          <string>Content Store</string>
                        </value>
                      </item>
                      <item>
                        <key>
                          <string>mpmBase_data_path</string>
                        </key>
                        <value>
                          <string>Data Source (Stream)</string>
                        </value>
                      </item>
                      <item>
                        <key>
                          <string>mpmBase_page_dur</string>
                        </key>
                        <value>
                          <string>Page Duration</string>
                        </value>
                      </item>
                      <item>
                        <key>
                          <string>mpmBase_layout</string>
                        </key>
                        <value>
                          <string>Layout</string>
                        </value>
                      </item>
                      <item>
                        <key>
                          <string>Layout1</string>
                        </key>
                        <value>
                          <string>Layout 1</string>
                        </value>
                      </item>
                      <item>
                        <key>
                          <string>Layout2</string>
                        </key>
                        <value>
                          <string>Layout 2</string>
                        </value>
                      </item>
                      <item>
                        <key>
                          <string>mpmBase_is_overlay</string>
                        </key>
                        <value>
                          <string>Overlay Enabled</string>
                        </value>
                      </item>
                    </Entries>
                  </Translation>
                </value>
              </item>
            </TranslationTables>
          </Translations>
          <MetaParameters>
            <SignAppMetaParameter>
              <Name>mpmBase_data_type</Name>
              <Description>Type of data source.</Description>
              <Group>General</Group>
              <Control>Dropdown</Control>
              <DefaultValue>appgrid</DefaultValue>
              <Domain>{"type":"String", "possibleValues":["csv", "appgrid", "contentstore"]}</Domain>
              <IsRequired>false</IsRequired>
            </SignAppMetaParameter>
            <SignAppMetaParameter>
              <Name>mpmBase_data_path</Name>
              <Description>A UNC or HTTP path to a file or stream containing appropriate data; used for all Data Types except In-App.</Description>
              <Group>General</Group>
              <Control>Url</Control>
              <IsRequired>false</IsRequired>
            </SignAppMetaParameter>
            <SignAppMetaParameter>
              <Name>mpmBase_data_appgrid</Name>
              <Description>An in-app editor for inputting values manually; used only for the In-App Grid Type</Description>
              <Group>General</Group>
              <Control>Table</Control>
              <Domain>{"type":"Table", "columnNames":["Row_1", "Row_2","Row_3", "Image","Expires"], "outputFileName":"appGeneratorData.json", "outputFileType":"json"}</Domain>
              <IsRequired>false</IsRequired>
            </SignAppMetaParameter>
            <SignAppMetaParameter>
              <Name>mpmBase_layout</Name>
              <Description>Choice between a layout with an image and a layout without one.</Description>
              <Group>Appearance</Group>
              <Control>Hidden</Control>
              <DefaultValue>Layout1</DefaultValue>
              <Domain>{"type":"String","possibleValues":["Layout1","Layout2"]}</Domain>
              <IsRequired>false</IsRequired>
            </SignAppMetaParameter>
            <SignAppMetaParameter>
              <Name>mpmBase_user_background</Name>
              <Description>A UNC or HTTP path to an image</Description>
              <Group>Appearance</Group>
              <Control>Url</Control>
              <IsRequired>false</IsRequired>
            </SignAppMetaParameter>
            <SignAppMetaParameter>
              <Name>mpmBase_is_background_blur</Name>
              <Description>Enable Gaussian Blur for the background image</Description>
              <Group>Appearance</Group>
              <Control>Checkbox</Control>
              <DefaultValue>False</DefaultValue>
              <IsRequired>false</IsRequired>
            </SignAppMetaParameter>
            <SignAppMetaParameter>
              <Name>mpmBase_is_overlay</Name>
              <Description>Choice between showing an icon and not showing an icon</Description>
              <Group>Appearance</Group>
              <Control>Checkbox</Control>
              <DefaultValue>True</DefaultValue>
              <IsRequired>false</IsRequired>
            </SignAppMetaParameter>
            <SignAppMetaParameter>
              <Name>mpmBase_user_overlay</Name>
              <Description>A UNC or HTTP path to an image</Description>
              <Group>Appearance</Group>
              <Control>Url</Control>
              <IsRequired>false</IsRequired>
            </SignAppMetaParameter>
            <SignAppMetaParameter>
              <Name>mpmBase_is_icon</Name>
              <Group>Appearance</Group>
              <Control>Hidden</Control>
              <DefaultValue>False</DefaultValue>
              <IsRequired>false</IsRequired>
            </SignAppMetaParameter>
            <SignAppMetaParameter>
              <Name>mpmBase_user_icon</Name>
              <Group>Appearance</Group>
              <Control>Hidden</Control>
              <IsRequired>false</IsRequired>
            </SignAppMetaParameter>
            <SignAppMetaParameter>
              <Name>mpmBase_user_icon_background_color</Name>
              <Group>Appearance</Group>
              <Control>Hidden</Control>
              <IsRequired>false</IsRequired>
            </SignAppMetaParameter>
            <SignAppMetaParameter>
              <Name>mpmBase_user_row1_font</Name>
              <Description>Font options for row 1.</Description>
              <Group>Appearance</Group>
              <Control>TextFormat</Control>
              <IsRequired>false</IsRequired>
            </SignAppMetaParameter>
            <SignAppMetaParameter>
              <Name>mpmBase_user_row2_font</Name>
              <Description>Font options for row 2.</Description>
              <Group>Appearance</Group>
              <Control>TextFormat</Control>
              <IsRequired>false</IsRequired>
            </SignAppMetaParameter>
            <SignAppMetaParameter>
              <Name>mpmBase_user_row3_font</Name>
              <Description>Font options for row 3.(Row_3 is not applicable for both the template.)</Description>
              <Group>Appearance</Group>
              <Control>TextFormat</Control>
              <IsRequired>false</IsRequired>
            </SignAppMetaParameter>
            <SignAppMetaParameter>
              <Name>mpmBase_is_cursor</Name>
              <Description>Choice between cursor pagination or regular pagination</Description>
              <Group>Timing</Group>
              <Control>Checkbox</Control>
              <DefaultValue>False</DefaultValue>
              <IsRequired>false</IsRequired>
            </SignAppMetaParameter>
            <SignAppMetaParameter>
              <Name>mpmBase_page_dur</Name>
              <Description>How long the app or row of data plays for</Description>
              <Group>Timing</Group>
              <Control>TimeSpan</Control>
              <DefaultValue>00:00:15</DefaultValue>
              <IsRequired>false</IsRequired>
            </SignAppMetaParameter>
            <SignAppMetaParameter>
              <Name>mpmBase_init_dur</Name>
              <Group>Timing</Group>
              <Control>Hidden</Control>
              <DefaultValue>0.00:00:00.25</DefaultValue>
              <IsRequired>false</IsRequired>
            </SignAppMetaParameter>
          </MetaParameters>
        </Manifest>
        <Configuration>
          <SerializableParameters />
          <SerializableWorkingParameters />
          <WorkflowStatus>New</WorkflowStatus>
          <IsOriginalItem>true</IsOriginalItem>
          <RelatedItemId>00000000-0000-0000-0000-000000000000</RelatedItemId>
        </Configuration>
      </SignApp>
    </AvailableApps>
    <GlobalVersionNumber>33</GlobalVersionNumber>
    <CompanyVersionNumber>27</CompanyVersionNumber>
  </DeploymentData>
  <ContentManifest>
    <Version>1</Version>
    <Entries>
      <ContentManifestEntry>
        <Path>C:\Users\carme001\AppData\Local\Temp\wf1ulbjq.bky\67661056-a306-40a4-a461-a72270a99621.png</Path>
        <HashValue>f2db76d1e1dc622b69377dfcea9f370f</HashValue>
        <HashMethod>Sparse</HashMethod>
        <HashByteCount>20000</HashByteCount>
        <IsText>false</IsText>
      </ContentManifestEntry>
      <ContentManifestEntry>
        <Path>C:\Users\carme001\AppData\Local\Temp\wf1ulbjq.bky\302e80a4-d37c-47db-97f3-932608da9b1b.png</Path>
        <HashValue>64ba6d571d251579689cf8617e30c9ca</HashValue>
        <HashMethod>EntireFile</HashMethod>
        <HashByteCount>3599</HashByteCount>
        <IsText>false</IsText>
      </ContentManifestEntry>
      <ContentManifestEntry>
        <Path>C:\Users\carme001\AppData\Local\Temp\wf1ulbjq.bky\App_AnnouncementsFlatPhoto_Windows1920x1080_1.0.0.dsapp</Path>
        <HashValue>3f2ddacb0930e0e6ea8d141fe9e89578</HashValue>
        <HashMethod>Sparse</HashMethod>
        <HashByteCount>20000</HashByteCount>
        <IsText>false</IsText>
      </ContentManifestEntry>
    </Entries>
  </ContentManifest>
</SftpDeploymentData>