<?xml version="1.0"?>
<SftpDeploymentData>
  <DeploymentData>
    <Company>
      <Name>Company</Name>
      <ParentId>00000000-0000-0000-0000-000000000000</ParentId>
      <UniqueId>d735acff-532b-4ea6-8362-f8e0c3f3b074</UniqueId>
      <Street1 />
      <Street2 />
      <Street3 />
      <City />
      <State />
      <ZIP />
      <Phone />
      <FAX />
      <Locations />
      <Playlists />
      <Variables />
      <Resources />
      <Channels />
      <Machines>
        <Machine>
          <RowVersion>5</RowVersion>
          <Name>Near Rhiannon team</Name>
          <ParentId>d735acff-532b-4ea6-8362-f8e0c3f3b074</ParentId>
          <UniqueId>dde9501d-312a-4b37-8856-6b7f40059840</UniqueId>
          <Enabled>true</Enabled>
          <Menu>
            <RowVersion>3</RowVersion>
            <Name>Playlist</Name>
            <ParentId>dde9501d-312a-4b37-8856-6b7f40059840</ParentId>
            <UniqueId>4dab57f0-93d6-4f29-ba2e-0d3bfd6826d1</UniqueId>
            <Enabled>true</Enabled>
            <Behavior>EmptyPlayerOnly</Behavior>
            <Subscriptions />
            <ScheduledItems>
              <ScheduledContent d8p1:type="ScheduledFormatTemplate" xmlns:d8p1="http://www.w3.org/2001/XMLSchema-instance">
                <RowVersion>1</RowVersion>
                <Name>Takeover - Regina</Name>
                <ParentId>4dab57f0-93d6-4f29-ba2e-0d3bfd6826d1</ParentId>
                <UniqueId>220d1b65-d5ab-41e4-b0bc-304eab979723</UniqueId>
                <ContentUniqueId>57d7204b-d176-49a5-b144-ea25631ef968</ContentUniqueId>
                <ContentType>ContentManager.DataModel.FormatTemplate, ContentManager.DataModel, Version=5.3.0.6747, Culture=neutral, PublicKeyToken=null</ContentType>
                <ContentName>Takeover - Regina</ContentName>
                <ScheduledContents>
                  <ScheduledContent d8p1:type="ScheduledFormatTemplateRegion">
                    <RowVersion>12</RowVersion>
                    <Name>Full Screen</Name>
                    <ParentId>220d1b65-d5ab-41e4-b0bc-304eab979723</ParentId>
                    <UniqueId>a4374649-a717-4471-a318-ff827a971343</UniqueId>
                    <ContentUniqueId>f7c37b7e-a1e3-4caa-8ee5-691741352c83</ContentUniqueId>
                    <ContentType>ContentManager.DataModel.FormatTemplateRegion, ContentManager.DataModel, Version=5.3.0.6747, Culture=neutral, PublicKeyToken=null</ContentType>
                    <ContentName>Full Screen</ContentName>
                    <ScheduledContents />
                    <Recurrences />
                    <Interruptions />
                    <ClickBehaviors />
                    <PlayBehaviors />
                    <TriggeredBehaviors />
                    <Rules />
                    <SerializableVariables>
                      <item>
                        <key>
                          <string>f1f19673-5039-4ac1-a28b-94e78532d2e7_path</string>
                        </key>
                        <value>
                          <string>GethttpGVVblog.staples.caV.html</string>
                        </value>
                      </item>
                    </SerializableVariables>
                    <InheritRecurrences>true</InheritRecurrences>
                  </ScheduledContent>
                </ScheduledContents>
                <Recurrences>
                  <Recurrence>
                    <DatabaseId>36272</DatabaseId>
                    <Name>Recurrence</Name>
                    <Pattern d8p1:type="DailyRecurrencePattern">
                      <DatabaseId>36271</DatabaseId>
                    </Pattern>
                    <Range d8p1:type="EternalRange">
                      <DatabaseId>36275</DatabaseId>
                      <StartDate>2016-06-17T00:00:00</StartDate>
                    </Range>
                    <IsAllDay>true</IsAllDay>
                    <StartTime>
                      <Days>0</Days>
                      <Hours>12</Hours>
                      <Minutes>0</Minutes>
                    </StartTime>
                    <Duration>
                      <Days>0</Days>
                      <Hours>3</Hours>
                      <Minutes>0</Minutes>
                    </Duration>
                  </Recurrence>
                </Recurrences>
                <Interruptions />
                <ClickBehaviors />
                <PlayBehaviors />
                <TriggeredBehaviors />
                <Rules />
                <SerializableVariables />
              </ScheduledContent>
            </ScheduledItems>
          </Menu>
          <Description />
          <SftpConnectionProperties>
            <DatabaseId>5</DatabaseId>
            <Name>SftpConnectionProperties</Name>
            <Hostname>https://services.fwicloud.com/fwiservices5</Hostname>
            <Username>Staples Inc\costaples</Username>
            <ExtendedProperties>0tMOwhMq0i8NnQdA97BOzXZCdYRuu/ag/gdPKlm4YI0=</ExtendedProperties>
            <Port>80</Port>
            <Protocol>Fwi</Protocol>
            <Path />
          </SftpConnectionProperties>
          <FwiServicesConnectionProperties>
            <DatabaseId>7</DatabaseId>
            <Name>SftpConnectionProperties</Name>
            <Hostname>https://services.fwicloud.com/fwiservices5</Hostname>
            <Username>Staples Inc\costaples</Username>
            <ExtendedProperties>0tMOwhMq0i8NnQdA97BOzXZCdYRuu/ag/gdPKlm4YI0=</ExtendedProperties>
            <Port>80</Port>
            <Protocol>Fwi</Protocol>
            <Path />
          </FwiServicesConnectionProperties>
          <DeploymentId>REGESIGN56962</DeploymentId>
          <SuggestedPollingInterval>60</SuggestedPollingInterval>
          <Variables>
            <ArrayOfString>
              <string>Anniversary</string>
              <string />
            </ArrayOfString>
            <ArrayOfString>
              <string>Recognition</string>
              <string />
            </ArrayOfString>
          </Variables>
          <ScheduledAppConfigurations52 />
          <ContentScalingBehavior>FitToScreen</ContentScalingBehavior>
          <ContentScalingBehaviorCustomSize>
            <Width>0</Width>
            <Height>0</Height>
          </ContentScalingBehaviorCustomSize>
          <IsContentAligned>true</IsContentAligned>
          <ContentAlignment>MiddleCenter</ContentAlignment>
          <IsTopMost>false</IsTopMost>
          <DeploymentType>Sftp</DeploymentType>
          <IsDynamicallyActivated>false</IsDynamicallyActivated>
          <ActivationImplies>true</ActivationImplies>
          <ActivationOperator>ExactlyMatches</ActivationOperator>
          <Resources />
          <ResourcesUpdateIntervalTicks>0</ResourcesUpdateIntervalTicks>
          <DeleteUnusedContent>false</DeleteUnusedContent>
          <WakeUpPlayer>false</WakeUpPlayer>
          <IsHighPriority>false</IsHighPriority>
          <IdleTimerDurationTicks>0</IdleTimerDurationTicks>
          <LogicalVersion>
            <DatabaseId>129</DatabaseId>
            <Name>LogicalVersionData</Name>
            <Version>18</Version>
            <EntityType>Channel</EntityType>
            <UniqueId>dde9501d-312a-4b37-8856-6b7f40059840</UniqueId>
          </LogicalVersion>
          <MulticastTtl>3</MulticastTtl>
          <MulticastIPAddressExpr />
          <MulticastPortExpr />
          <Rs232Commands />
          <Controllable>true</Controllable>
          <DisplayType>NonRs232</DisplayType>
          <DisplayConfigName />
          <HasMigratedDisplayId>true</HasMigratedDisplayId>
          <DisplayId>0</DisplayId>
          <DisplayIds>
            <unsignedInt>0</unsignedInt>
          </DisplayIds>
          <DisplayPort />
          <ComputerName />
        </Machine>
      </Machines>
      <ContentManagerVersion />
      <LocalStagingPath />
      <SerializableWebSigns />
    </Company>
    <InterruptionBehavior>Immediate</InterruptionBehavior>
    <PlayContentImmediately>true</PlayContentImmediately>
    <PlayContentWhen>0001-01-01T00:00:00</PlayContentWhen>
    <WantUnusedContentDeleted>false</WantUnusedContentDeleted>
    <WakeUpPlayer>false</WakeUpPlayer>
    <ReportingInfo>
      <DeploymentId>REGESIGN56962</DeploymentId>
      <DeploymentName>Near Rhiannon team</DeploymentName>
      <DeploymentUniqueId>dde9501d-312a-4b37-8856-6b7f40059840</DeploymentUniqueId>
      <Locations>
        <SerializableKeyValuePairOfGuidString>
          <Key>86c39f4a-f1ef-4ac9-8724-a8b2e935b784</Key>
          <Value>Staples Inc</Value>
        </SerializableKeyValuePairOfGuidString>
        <SerializableKeyValuePairOfGuidString>
          <Key>4e368ede-2d4b-4726-8c2c-6a2760ee228b</Key>
          <Value>Regina</Value>
        </SerializableKeyValuePairOfGuidString>
      </Locations>
      <Variables />
    </ReportingInfo>
    <AvailableContent />
    <AvailableTemplates>
      <FormatTemplate>
        <RowVersion>11</RowVersion>
        <Name>Takeover - Regina</Name>
        <ParentId>3a5b0a73-ab74-4a9e-813b-f97cbd353d5e</ParentId>
        <UniqueId>57d7204b-d176-49a5-b144-ea25631ef968</UniqueId>
        <CreationTime>2016-10-05T17:28:24</CreationTime>
        <Opacity>255</Opacity>
        <TransparencyKeyHtml>Black</TransparencyKeyHtml>
        <UseExactDuration>false</UseExactDuration>
        <IsBarCodeRegularExpression>false</IsBarCodeRegularExpression>
        <AdditionalResources />
        <UpdateIntervalTicks>36000000000</UpdateIntervalTicks>
        <Advertiser>00000000-0000-0000-0000-000000000000</Advertiser>
        <SerializableVariables />
        <BarCodes />
        <Contents />
        <Description />
        <Label />
        <DurationTicks>0</DurationTicks>
        <IsLogged>false</IsLogged>
        <Height>1080</Height>
        <Width>1920</Width>
        <SuggestedRecurrence>
          <DatabaseId>1898</DatabaseId>
          <Name>Recurrence</Name>
          <Pattern d6p1:type="DailyRecurrencePattern" xmlns:d6p1="http://www.w3.org/2001/XMLSchema-instance">
            <DatabaseId>1898</DatabaseId>
          </Pattern>
          <Range d6p1:type="EternalRange" xmlns:d6p1="http://www.w3.org/2001/XMLSchema-instance">
            <DatabaseId>1898</DatabaseId>
            <StartDate>2016-06-17T00:00:00</StartDate>
          </Range>
          <IsAllDay>true</IsAllDay>
          <StartTime>
            <Days>0</Days>
            <Hours>12</Hours>
            <Minutes>0</Minutes>
          </StartTime>
          <Duration>
            <Days>0</Days>
            <Hours>3</Hours>
            <Minutes>0</Minutes>
          </Duration>
        </SuggestedRecurrence>
        <BackColorHtml>Transparent</BackColorHtml>
        <Id>-1</Id>
        <IsOriginalItem>true</IsOriginalItem>
        <RelatedItemId>00000000-0000-0000-0000-000000000000</RelatedItemId>
        <UseSeparateWindowForVideo>false</UseSeparateWindowForVideo>
        <PlayerBackColorHtml>Transparent</PlayerBackColorHtml>
        <BackgroundUrl>
          <DatabaseId>1012</DatabaseId>
          <Name>DynamicUrl</Name>
          <CacheData>true</CacheData>
          <Path />
          <Query />
          <UseUploadData>false</UseUploadData>
          <Method>Get</Method>
          <Username />
          <Password />
          <Domain />
          <ConnectionString />
          <CommandText />
          <DeploymentBehavior>None</DeploymentBehavior>
          <Headers />
        </BackgroundUrl>
        <Regions>
          <FormatTemplateRegion>
            <RowVersion>5</RowVersion>
            <Name>Full Screen</Name>
            <UniqueId>f7c37b7e-a1e3-4caa-8ee5-691741352c83</UniqueId>
            <CreationTime d7p1:nil="true" xmlns:d7p1="http://www.w3.org/2001/XMLSchema-instance" />
            <Opacity>255</Opacity>
            <TransparencyKeyHtml>Black</TransparencyKeyHtml>
            <UseExactDuration>false</UseExactDuration>
            <IsBarCodeRegularExpression>false</IsBarCodeRegularExpression>
            <AdditionalResources />
            <UpdateIntervalTicks>36000000000</UpdateIntervalTicks>
            <Advertiser>00000000-0000-0000-0000-000000000000</Advertiser>
            <SerializableVariables />
            <BarCodes />
            <Contents />
            <Description />
            <Label />
            <DurationTicks>0</DurationTicks>
            <IsLogged>false</IsLogged>
            <Height>1080</Height>
            <Width>1920</Width>
            <BackColorHtml>Transparent</BackColorHtml>
            <Id>-1</Id>
            <IsOriginalItem>true</IsOriginalItem>
            <RelatedItemId>00000000-0000-0000-0000-000000000000</RelatedItemId>
            <UseSeparateWindowForVideo>false</UseSeparateWindowForVideo>
            <PlayerBackColorHtml>Black</PlayerBackColorHtml>
            <BackgroundUrl>
              <DatabaseId>1013</DatabaseId>
              <Name>DynamicUrl</Name>
              <CacheData>true</CacheData>
              <Path />
              <Query />
              <UseUploadData>false</UseUploadData>
              <Method>Get</Method>
              <Username />
              <Password />
              <Domain />
              <ConnectionString />
              <CommandText />
              <DeploymentBehavior>CopySource</DeploymentBehavior>
              <Headers />
            </BackgroundUrl>
            <Regions />
            <SequenceRegionId />
            <RssTransformUrl>
              <DatabaseId>1014</DatabaseId>
              <Name>DynamicUrl</Name>
              <CacheData>true</CacheData>
              <Path>GethttpGVVblog.staples.caV.html</Path>
              <Query />
              <UseUploadData>false</UseUploadData>
              <Method>Get</Method>
              <Username />
              <Password />
              <Domain />
              <ConnectionString />
              <CommandText />
              <DeploymentBehavior>CopySource</DeploymentBehavior>
              <Headers />
            </RssTransformUrl>
            <RssTransformName>GethttpGVVblog.staples.caV.html</RssTransformName>
            <X>0</X>
            <Y>0</Y>
            <ZIndex>0</ZIndex>
            <ScrollsText>false</ScrollsText>
            <ScrollBehavior>RightToLeft</ScrollBehavior>
            <AllowAllContent>true</AllowAllContent>
            <AllowedContentTypes />
            <TextFormat>
              <DatabaseId>1670</DatabaseId>
              <SizeInPoints>36</SizeInPoints>
              <FamilyName>Segoe UI</FamilyName>
              <Style>Regular</Style>
              <ForeColorHtml>White</ForeColorHtml>
              <Alignment>MiddleCenter</Alignment>
              <AutoSize>true</AutoSize>
              <HasMigratedAutoSize>true</HasMigratedAutoSize>
              <SizeBehavior>ShrinkFont</SizeBehavior>
              <HasLeading>false</HasLeading>
              <Leading>0</Leading>
            </TextFormat>
            <PlayAsSeparateProcess>false</PlayAsSeparateProcess>
            <PlayAsSeparateWindow>false</PlayAsSeparateWindow>
            <ExternalZIndex>1</ExternalZIndex>
            <SpanRegionName />
          </FormatTemplateRegion>
        </Regions>
        <SequenceRegionId />
      </FormatTemplate>
    </AvailableTemplates>
    <AvailableApps />
    <GlobalVersionNumber>2307</GlobalVersionNumber>
    <CompanyVersionNumber>2402</CompanyVersionNumber>
    <SerializableUsers>
      <User>
        <Name>jcerulle</Name>
        <UniqueId>4656f8e6-0430-49f3-98c6-e2662211de15</UniqueId>
        <Description>Jeanne Cerulle</Description>
        <IsActiveDirectoryObject>false</IsActiveDirectoryObject>
        <IsKerberosCredential>false</IsKerberosCredential>
        <IsLegalUser>true</IsLegalUser>
        <EmailAddress>Jeanne.Cerulle@Staples.com</EmailAddress>
        <PasswordHash>83fa39c2eb31e16db1c482a658c5f199493128</PasswordHash>
        <IsAdministrator>false</IsAdministrator>
        <UserName>jcerulle</UserName>
        <FullName>Jeanne Cerulle</FullName>
        <GroupRefs />
      </User>
      <User>
        <Name>StaplesRegina</Name>
        <UniqueId>c1ed3066-6665-4961-beaa-8c23eb7deaab</UniqueId>
        <Description>Regina</Description>
        <IsActiveDirectoryObject>false</IsActiveDirectoryObject>
        <IsKerberosCredential>false</IsKerberosCredential>
        <IsLegalUser>true</IsLegalUser>
        <EmailAddress />
        <PasswordHash>6dd590f9add0fa82f241af5889d26be167b9d</PasswordHash>
        <IsAdministrator>false</IsAdministrator>
        <UserName>StaplesRegina</UserName>
        <FullName>Regina</FullName>
        <GroupRefs />
      </User>
    </SerializableUsers>
    <SerializableGroups>
      <Group>
        <Name>Maitland Halifax and Regina</Name>
        <UniqueId>069f3f4c-8add-49d4-be89-22daecafa84d</UniqueId>
        <Description>Maitland and Halifax access</Description>
        <IsActiveDirectoryObject>false</IsActiveDirectoryObject>
        <IsKerberosCredential>false</IsKerberosCredential>
        <Users />
        <UserIds>
          <string>4656f8e6-0430-49f3-98c6-e2662211de15</string>
        </UserIds>
      </Group>
    </SerializableGroups>
    <SerializableAccessControlLists>
      <AccessControlList>
        <Name>AccessControlList</Name>
        <UniqueId>23d9a011-caba-4f21-855e-e6defcf3d790</UniqueId>
        <Level>dde9501d-312a-4b37-8856-6b7f40059840</Level>
        <Entries>
          <AccessControlEntry>
            <Subject>069f3f4c-8add-49d4-be89-22daecafa84d</Subject>
            <Operation>SignAccess</Operation>
            <Access>Allow</Access>
            <Inherited>false</Inherited>
          </AccessControlEntry>
          <AccessControlEntry>
            <Subject>069f3f4c-8add-49d4-be89-22daecafa84d</Subject>
            <Operation>SignAccess</Operation>
            <Access>Allow</Access>
            <Inherited>false</Inherited>
          </AccessControlEntry>
          <AccessControlEntry>
            <Subject>c1ed3066-6665-4961-beaa-8c23eb7deaab</Subject>
            <Operation>SignAccess</Operation>
            <Access>Allow</Access>
            <Inherited>false</Inherited>
          </AccessControlEntry>
          <AccessControlEntry>
            <Subject>4656f8e6-0430-49f3-98c6-e2662211de15</Subject>
            <Operation>SignAccess</Operation>
            <Access>Allow</Access>
            <Inherited>false</Inherited>
          </AccessControlEntry>
        </Entries>
      </AccessControlList>
    </SerializableAccessControlLists>
  </DeploymentData>
  <ManifestOptions>
    <MaxBytesToHash>20000</MaxBytesToHash>
    <ComputeSparseHashValues>false</ComputeSparseHashValues>
    <FullHashComputationExtensions />
  </ManifestOptions>
  <ContentManifest>
    <Entries>
      <ContentManifestEntry>
        <Path>C:\Users\MogPr001\AppData\Local\Temp\ntuecc44.i3d\GethttpGVVblog.staples.caV.html</Path>
        <HashValue>f1da38dca7ddcddb7294546e611cfd6d</HashValue>
        <HashMethod>EntireFile</HashMethod>
        <HashByteCount>27605</HashByteCount>
      </ContentManifestEntry>
    </Entries>
  </ContentManifest>
</SftpDeploymentData>