<?xml version="1.0"?>
<SftpDeploymentData>
  <DeploymentData>
    <Company>
      <Name>Company</Name>
      <ParentId>00000000-0000-0000-0000-000000000000</ParentId>
      <UniqueId>b6df5f70-1b9d-4162-806b-f9dd8afa6520</UniqueId>
      <Street1 />
      <Street2 />
      <Street3 />
      <City />
      <State />
      <ZIP />
      <Phone />
      <FAX />
      <Locations />
      <Playlists />
      <Variables />
      <Resources />
      <Channels />
      <Machines>
        <Machine>
          <RowVersion>4</RowVersion>
          <Name>Level Eleven Test</Name>
          <ParentId>b6df5f70-1b9d-4162-806b-f9dd8afa6520</ParentId>
          <UniqueId>635a8e88-acfb-4221-8c5c-6091553babaf</UniqueId>
          <Enabled>true</Enabled>
          <Menu>
            <RowVersion>4</RowVersion>
            <Name>Playlist</Name>
            <ParentId>635a8e88-acfb-4221-8c5c-6091553babaf</ParentId>
            <UniqueId>3e8accf6-072f-4f45-86eb-fcd1d67f45a1</UniqueId>
            <Enabled>true</Enabled>
            <Behavior>EmptyPlayerOnly</Behavior>
            <Subscriptions />
            <ScheduledItems>
              <ScheduledContent d8p1:type="ScheduledFormatTemplate" xmlns:d8p1="http://www.w3.org/2001/XMLSchema-instance">
                <RowVersion>2</RowVersion>
                <Name>LevelEleven</Name>
                <ParentId>3e8accf6-072f-4f45-86eb-fcd1d67f45a1</ParentId>
                <UniqueId>778e2358-32f6-4f79-a62b-80348158911e</UniqueId>
                <ContentUniqueId>d0881083-7428-4794-92e3-e9e14c5a3447</ContentUniqueId>
                <ContentType>ContentManager.DataModel.FormatTemplate, ContentManager.DataModel, Version=5.3.0.6745, Culture=neutral, PublicKeyToken=null</ContentType>
                <ContentName>LevelEleven</ContentName>
                <ScheduledContents>
                  <ScheduledContent d8p1:type="ScheduledFormatTemplateRegion">
                    <RowVersion>4</RowVersion>
                    <Name>HTML</Name>
                    <ParentId>778e2358-32f6-4f79-a62b-80348158911e</ParentId>
                    <UniqueId>97434ae9-92bf-4a77-b7b0-87ff668d5125</UniqueId>
                    <ContentUniqueId>0623960c-2be2-43cf-8396-b539fc351d85</ContentUniqueId>
                    <ContentType>ContentManager.DataModel.FormatTemplateRegion, ContentManager.DataModel, Version=5.3.0.6745, Culture=neutral, PublicKeyToken=null</ContentType>
                    <ContentName>HTML</ContentName>
                    <ScheduledContents>
                      <ScheduledContent>
                        <RowVersion>3</RowVersion>
                        <Name>WhatsMyBrowser</Name>
                        <ParentId>97434ae9-92bf-4a77-b7b0-87ff668d5125</ParentId>
                        <UniqueId>ec049aab-fd98-4cb1-ada0-1aaf4ec9e22b</UniqueId>
                        <ContentUniqueId>3a469f83-cfc2-45f6-b80a-ac7e9e639592</ContentUniqueId>
                        <ContentType>ContentManager.DataModel.HtmlContent, ContentManager.DataModel, Version=5.3.0.6745, Culture=neutral, PublicKeyToken=null</ContentType>
                        <ContentName>WhatsMyBrowser</ContentName>
                        <ScheduledContents />
                        <Recurrences />
                        <Interruptions />
                        <ClickBehaviors />
                        <PlayBehaviors />
                        <TriggeredBehaviors />
                        <Rules />
                        <SerializableVariables />
                      </ScheduledContent>
                      <ScheduledContent>
                        <RowVersion>2</RowVersion>
                        <Name>Level_Eleven</Name>
                        <ParentId>97434ae9-92bf-4a77-b7b0-87ff668d5125</ParentId>
                        <UniqueId>a5e3a077-281b-4880-91e3-76b6bced6a7b</UniqueId>
                        <ContentUniqueId>943865a0-da72-4b3c-a428-2ad520e0f301</ContentUniqueId>
                        <ContentType>ContentManager.DataModel.HtmlContent, ContentManager.DataModel, Version=5.3.0.6745, Culture=neutral, PublicKeyToken=null</ContentType>
                        <ContentName>Level_Eleven</ContentName>
                        <ScheduledContents />
                        <Recurrences>
                          <Recurrence>
                            <DatabaseId>1608</DatabaseId>
                            <Name>Recurrence</Name>
                            <Pattern d8p1:type="DailyRecurrencePattern">
                              <DatabaseId>1608</DatabaseId>
                            </Pattern>
                            <Range d8p1:type="EternalRange">
                              <DatabaseId>1608</DatabaseId>
                              <StartDate>2016-09-16T00:00:00</StartDate>
                            </Range>
                            <IsAllDay>true</IsAllDay>
                            <StartTime>
                              <Days>0</Days>
                              <Hours>13</Hours>
                              <Minutes>0</Minutes>
                            </StartTime>
                            <Duration>
                              <Days>0</Days>
                              <Hours>3</Hours>
                              <Minutes>0</Minutes>
                            </Duration>
                          </Recurrence>
                        </Recurrences>
                        <Interruptions />
                        <ClickBehaviors />
                        <PlayBehaviors />
                        <TriggeredBehaviors />
                        <Rules />
                        <SerializableVariables />
                      </ScheduledContent>
                    </ScheduledContents>
                    <Recurrences />
                    <Interruptions />
                    <ClickBehaviors />
                    <PlayBehaviors />
                    <TriggeredBehaviors />
                    <Rules />
                    <SerializableVariables />
                    <InheritRecurrences>true</InheritRecurrences>
                  </ScheduledContent>
                  <ScheduledContent d8p1:type="ScheduledFormatTemplateRegion">
                    <RowVersion>2</RowVersion>
                    <Name>Sequence</Name>
                    <ParentId>778e2358-32f6-4f79-a62b-80348158911e</ParentId>
                    <UniqueId>12df74bb-ff79-447f-9dcb-fcc6c454ee01</UniqueId>
                    <ContentUniqueId>0d94de24-16bf-4d66-b4d5-0a841310b427</ContentUniqueId>
                    <ContentType>ContentManager.DataModel.FormatTemplateRegion, ContentManager.DataModel, Version=5.3.0.6745, Culture=neutral, PublicKeyToken=null</ContentType>
                    <ContentName>Sequence</ContentName>
                    <ScheduledContents>
                      <ScheduledContent>
                        <RowVersion>2</RowVersion>
                        <Name>Sequence</Name>
                        <ParentId>12df74bb-ff79-447f-9dcb-fcc6c454ee01</ParentId>
                        <UniqueId>7eafda3d-553b-4c05-92a4-e074629bbaaa</UniqueId>
                        <ContentUniqueId>646aaa81-e308-4dc2-aa7a-2eca2e5c02db</ContentUniqueId>
                        <ContentType>ContentManager.DataModel.TextContent, ContentManager.DataModel, Version=5.3.0.6745, Culture=neutral, PublicKeyToken=null</ContentType>
                        <ContentName>Sequence</ContentName>
                        <ScheduledContents />
                        <Recurrences>
                          <Recurrence>
                            <DatabaseId>1609</DatabaseId>
                            <Name>Recurrence</Name>
                            <Pattern d8p1:type="DailyRecurrencePattern">
                              <DatabaseId>1609</DatabaseId>
                            </Pattern>
                            <Range d8p1:type="EternalRange">
                              <DatabaseId>1609</DatabaseId>
                              <StartDate>2016-04-26T00:00:00</StartDate>
                            </Range>
                            <IsAllDay>true</IsAllDay>
                            <StartTime>
                              <Days>0</Days>
                              <Hours>12</Hours>
                              <Minutes>0</Minutes>
                            </StartTime>
                            <Duration>
                              <Days>0</Days>
                              <Hours>3</Hours>
                              <Minutes>0</Minutes>
                            </Duration>
                          </Recurrence>
                        </Recurrences>
                        <Interruptions />
                        <ClickBehaviors />
                        <PlayBehaviors />
                        <TriggeredBehaviors />
                        <Rules />
                        <SerializableVariables />
                      </ScheduledContent>
                    </ScheduledContents>
                    <Recurrences />
                    <Interruptions />
                    <ClickBehaviors />
                    <PlayBehaviors />
                    <TriggeredBehaviors />
                    <Rules />
                    <SerializableVariables />
                    <InheritRecurrences>true</InheritRecurrences>
                  </ScheduledContent>
                </ScheduledContents>
                <Recurrences>
                  <Recurrence>
                    <DatabaseId>1607</DatabaseId>
                    <Name>Recurrence</Name>
                    <Pattern d8p1:type="DailyRecurrencePattern">
                      <DatabaseId>1607</DatabaseId>
                    </Pattern>
                    <Range d8p1:type="EternalRange">
                      <DatabaseId>1607</DatabaseId>
                      <StartDate>2016-09-27T00:00:00</StartDate>
                    </Range>
                    <IsAllDay>true</IsAllDay>
                    <StartTime>
                      <Days>0</Days>
                      <Hours>10</Hours>
                      <Minutes>0</Minutes>
                    </StartTime>
                    <Duration>
                      <Days>0</Days>
                      <Hours>3</Hours>
                      <Minutes>0</Minutes>
                    </Duration>
                  </Recurrence>
                </Recurrences>
                <Interruptions />
                <ClickBehaviors />
                <PlayBehaviors />
                <TriggeredBehaviors />
                <Rules />
                <SerializableVariables />
              </ScheduledContent>
            </ScheduledItems>
          </Menu>
          <Description />
          <SftpConnectionProperties>
            <DatabaseId>5</DatabaseId>
            <Name>SftpConnectionProperties</Name>
            <Hostname>https://services.fwicloud.com/fwiservices5</Hostname>
            <Username>Staples Inc\costaples</Username>
            <ExtendedProperties>0tMOwhMq0i8NnQdA97BOzXZCdYRuu/ag/gdPKlm4YI0=</ExtendedProperties>
            <Port>80</Port>
            <Protocol>Fwi</Protocol>
            <Path />
          </SftpConnectionProperties>
          <DeploymentId>STAPLES1</DeploymentId>
          <SuggestedPollingInterval>60</SuggestedPollingInterval>
          <Variables>
            <ArrayOfString>
              <string>Readerboard</string>
              <string>TRUE</string>
            </ArrayOfString>
            <ArrayOfString>
              <string>LevelEleven</string>
              <string>TRUE</string>
            </ArrayOfString>
            <ArrayOfString>
              <string>Get_To_Know</string>
              <string>TRUE</string>
            </ArrayOfString>
            <ArrayOfString>
              <string>Events</string>
              <string>TRUE</string>
            </ArrayOfString>
            <ArrayOfString>
              <string>Birthday</string>
              <string>TRUE</string>
            </ArrayOfString>
            <ArrayOfString>
              <string>New Hire</string>
              <string>TRUE</string>
            </ArrayOfString>
          </Variables>
          <ScheduledAppConfigurations52 />
          <ContentScalingBehavior>ActualSize</ContentScalingBehavior>
          <ContentScalingBehaviorCustomSize>
            <Width>0</Width>
            <Height>0</Height>
          </ContentScalingBehaviorCustomSize>
          <IsContentAligned>true</IsContentAligned>
          <ContentAlignment>MiddleCenter</ContentAlignment>
          <IsTopMost>false</IsTopMost>
          <DeploymentType>Sftp</DeploymentType>
          <IsDynamicallyActivated>false</IsDynamicallyActivated>
          <ActivationImplies>true</ActivationImplies>
          <ActivationOperator>ExactlyMatches</ActivationOperator>
          <Resources />
          <ResourcesUpdateIntervalTicks>0</ResourcesUpdateIntervalTicks>
          <DeleteUnusedContent>false</DeleteUnusedContent>
          <WakeUpPlayer>false</WakeUpPlayer>
          <IsHighPriority>false</IsHighPriority>
          <IdleTimerDurationTicks>0</IdleTimerDurationTicks>
          <LogicalVersion>
            <DatabaseId>132</DatabaseId>
            <Name>LogicalVersionData</Name>
            <Version>7</Version>
            <EntityType>Channel</EntityType>
            <UniqueId>635a8e88-acfb-4221-8c5c-6091553babaf</UniqueId>
          </LogicalVersion>
          <MulticastTtl>3</MulticastTtl>
          <MulticastIPAddressExpr />
          <MulticastPortExpr />
          <Rs232Commands />
          <Controllable>true</Controllable>
          <DisplayType>NonRs232</DisplayType>
          <DisplayConfigName />
          <HasMigratedDisplayId>true</HasMigratedDisplayId>
          <DisplayId>0</DisplayId>
          <DisplayIds>
            <unsignedInt>0</unsignedInt>
          </DisplayIds>
          <DisplayPort />
          <ComputerName />
        </Machine>
      </Machines>
      <ContentManagerVersion />
      <LocalStagingPath />
      <SerializableWebSigns />
    </Company>
    <InterruptionBehavior>Immediate</InterruptionBehavior>
    <PlayContentImmediately>true</PlayContentImmediately>
    <PlayContentWhen>0001-01-01T00:00:00</PlayContentWhen>
    <WantUnusedContentDeleted>false</WantUnusedContentDeleted>
    <WakeUpPlayer>false</WakeUpPlayer>
    <ReportingInfo>
      <DeploymentId>STAPLES1</DeploymentId>
      <DeploymentName>Level Eleven Test</DeploymentName>
      <DeploymentUniqueId>635a8e88-acfb-4221-8c5c-6091553babaf</DeploymentUniqueId>
      <Locations>
        <SerializableKeyValuePairOfGuidString>
          <Key>86c39f4a-f1ef-4ac9-8724-a8b2e935b784</Key>
          <Value>Staples Inc</Value>
        </SerializableKeyValuePairOfGuidString>
        <SerializableKeyValuePairOfGuidString>
          <Key>9680c18a-203c-4a71-8015-71dc37ea2d64</Key>
          <Value>Maitland</Value>
        </SerializableKeyValuePairOfGuidString>
        <SerializableKeyValuePairOfGuidString>
          <Key>4a1f93d4-9189-43c4-a33a-6d5352c88b9e</Key>
          <Value>Level Eleven Test</Value>
        </SerializableKeyValuePairOfGuidString>
      </Locations>
      <Variables />
    </ReportingInfo>
    <AvailableContent>
      <Content d4p1:type="HtmlContent" xmlns:d4p1="http://www.w3.org/2001/XMLSchema-instance">
        <RowVersion>7</RowVersion>
        <Name>WhatsMyBrowser</Name>
        <ParentId>00000000-0000-0000-0000-000000000000</ParentId>
        <UniqueId>3a469f83-cfc2-45f6-b80a-ac7e9e639592</UniqueId>
        <CreationTime>2016-10-04T08:40:34</CreationTime>
        <Opacity>255</Opacity>
        <TransparencyKeyHtml>Black</TransparencyKeyHtml>
        <UseExactDuration>true</UseExactDuration>
        <IsBarCodeRegularExpression>false</IsBarCodeRegularExpression>
        <AdditionalResources />
        <UpdateIntervalTicks>36000000000</UpdateIntervalTicks>
        <Advertiser>00000000-0000-0000-0000-000000000000</Advertiser>
        <SerializableVariables />
        <BarCodes />
        <Contents />
        <Description />
        <DurationVariableName />
        <DurationTicks>2400000000</DurationTicks>
        <DynamicUrl>
          <DatabaseId>746</DatabaseId>
          <Name>DynamicUrl</Name>
          <CacheData>true</CacheData>
          <Path>http://www.whatsmybrowser.org/</Path>
          <Query />
          <UseUploadData>false</UseUploadData>
          <Method>Get</Method>
          <Username />
          <Password />
          <Domain />
          <ConnectionString />
          <CommandText />
          <DeploymentBehavior>UseCurrentLocation</DeploymentBehavior>
          <Headers />
        </DynamicUrl>
        <IsLogged>false</IsLogged>
        <Height>0</Height>
        <Width>0</Width>
        <SuggestedRecurrence>
          <DatabaseId>1663</DatabaseId>
          <Name>Recurrence</Name>
          <Pattern d4p1:type="DailyRecurrencePattern">
            <DatabaseId>1663</DatabaseId>
          </Pattern>
          <Range d4p1:type="EternalRange">
            <DatabaseId>1663</DatabaseId>
            <StartDate>2016-10-04T00:00:00</StartDate>
          </Range>
          <IsAllDay>true</IsAllDay>
          <StartTime>
            <Days>0</Days>
            <Hours>9</Hours>
            <Minutes>0</Minutes>
          </StartTime>
          <Duration>
            <Days>0</Days>
            <Hours>3</Hours>
            <Minutes>0</Minutes>
          </Duration>
        </SuggestedRecurrence>
        <BackColorHtml>Black</BackColorHtml>
        <Id>-1</Id>
        <WorkflowStatus>New</WorkflowStatus>
        <IsOriginalItem>true</IsOriginalItem>
        <RelatedItemId>00000000-0000-0000-0000-000000000000</RelatedItemId>
        <IdleTimerDurationTicks>0</IdleTimerDurationTicks>
        <ShowScrollBars>true</ShowScrollBars>
        <AllowPopups>false</AllowPopups>
        <ElementsToRemove />
        <ForwardPlayBehaviors>false</ForwardPlayBehaviors>
        <UseClipRectangle>false</UseClipRectangle>
        <ClipRectangle>
          <Location>
            <X>0</X>
            <Y>0</Y>
          </Location>
          <Size>
            <Width>0</Width>
            <Height>0</Height>
          </Size>
          <X>0</X>
          <Y>0</Y>
          <Width>0</Width>
          <Height>0</Height>
        </ClipRectangle>
        <UseBrowserBodySize>false</UseBrowserBodySize>
        <BrowserBodySize>
          <Width>0</Width>
          <Height>0</Height>
        </BrowserBodySize>
        <DocumentShowDelay>0</DocumentShowDelay>
        <PreferredBrowser>InternetExplorer</PreferredBrowser>
      </Content>
      <Content d4p1:type="HtmlContent" xmlns:d4p1="http://www.w3.org/2001/XMLSchema-instance">
        <RowVersion>11</RowVersion>
        <Name>Level_Eleven</Name>
        <ParentId>19beb182-2225-461a-b4c1-f699e9605b78</ParentId>
        <UniqueId>943865a0-da72-4b3c-a428-2ad520e0f301</UniqueId>
        <CreationTime>2016-09-16T12:02:21</CreationTime>
        <Opacity>255</Opacity>
        <TransparencyKeyHtml>Black</TransparencyKeyHtml>
        <UseExactDuration>true</UseExactDuration>
        <IsBarCodeRegularExpression>false</IsBarCodeRegularExpression>
        <AdditionalResources />
        <UpdateIntervalTicks>3000000000</UpdateIntervalTicks>
        <Advertiser>00000000-0000-0000-0000-000000000000</Advertiser>
        <SerializableVariables />
        <BarCodes />
        <Contents />
        <Description>Channel_11_Updated_9_16_2016</Description>
        <Label />
        <DurationVariableName />
        <DurationTicks>600000000</DurationTicks>
        <DynamicUrl>
          <DatabaseId>726</DatabaseId>
          <Name>DynamicUrl</Name>
          <CacheData>true</CacheData>
          <Path>https://app.leveleleven.com/watch/s/b3f53c60-0454-432e-a6d1-d43a59a36995</Path>
          <Query>
            <DynamicUrlNameValuePair>
              <Name>Type</Name>
              <Value d4p1:type="DynamicUrlLiteral">
                <DatabaseId>1106</DatabaseId>
                <Text>download</Text>
              </Value>
            </DynamicUrlNameValuePair>
            <DynamicUrlNameValuePair>
              <Name>Title</Name>
              <Value d4p1:type="DynamicUrlLiteral">
                <DatabaseId>1107</DatabaseId>
                <Text>CS00384711</Text>
              </Value>
            </DynamicUrlNameValuePair>
            <DynamicUrlNameValuePair>
              <Name>UserType</Name>
              <Value d4p1:type="DynamicUrlLiteral">
                <DatabaseId>1108</DatabaseId>
                <Text>1</Text>
              </Value>
            </DynamicUrlNameValuePair>
            <DynamicUrlNameValuePair>
              <Name>LinkSource</Name>
              <Value d4p1:type="DynamicUrlLiteral">
                <DatabaseId>1109</DatabaseId>
                <Text>HNj3YsDLLLkZA3uKDUu+yw==</Text>
              </Value>
            </DynamicUrlNameValuePair>
            <DynamicUrlNameValuePair>
              <Name>LinkKey</Name>
              <Value d4p1:type="DynamicUrlLiteral">
                <DatabaseId>1110</DatabaseId>
                <Text>81d895561f2d5527cd424cdc18cdbe07</Text>
              </Value>
            </DynamicUrlNameValuePair>
            <DynamicUrlNameValuePair>
              <Name>FWIIncludeMimetype</Name>
              <Value d4p1:type="DynamicUrlLiteral">
                <DatabaseId>1111</DatabaseId>
                <Text>true</Text>
              </Value>
            </DynamicUrlNameValuePair>
          </Query>
          <UseUploadData>false</UseUploadData>
          <Method>Get</Method>
          <Username />
          <Password />
          <Domain />
          <ConnectionString />
          <CommandText />
          <DeploymentBehavior>DownloadSource</DeploymentBehavior>
          <DeploymentBehaviorVariableName />
          <Headers />
        </DynamicUrl>
        <IsLogged>false</IsLogged>
        <Height>0</Height>
        <Width>0</Width>
        <SuggestedRecurrence>
          <DatabaseId>1423</DatabaseId>
          <Name>Recurrence</Name>
          <Pattern d4p1:type="DailyRecurrencePattern">
            <DatabaseId>1423</DatabaseId>
          </Pattern>
          <Range d4p1:type="EternalRange">
            <DatabaseId>1423</DatabaseId>
            <StartDate>2016-09-16T00:00:00</StartDate>
          </Range>
          <IsAllDay>true</IsAllDay>
          <StartTime>
            <Days>0</Days>
            <Hours>13</Hours>
            <Minutes>0</Minutes>
          </StartTime>
          <Duration>
            <Days>0</Days>
            <Hours>3</Hours>
            <Minutes>0</Minutes>
          </Duration>
        </SuggestedRecurrence>
        <BackColorHtml>Black</BackColorHtml>
        <Id>-1</Id>
        <WorkflowStatus>New</WorkflowStatus>
        <IsOriginalItem>true</IsOriginalItem>
        <RelatedItemId>00000000-0000-0000-0000-000000000000</RelatedItemId>
        <IdleTimerDurationTicks>0</IdleTimerDurationTicks>
        <ShowScrollBars>false</ShowScrollBars>
        <AllowPopups>false</AllowPopups>
        <ElementsToRemove />
        <ForwardPlayBehaviors>false</ForwardPlayBehaviors>
        <UseClipRectangle>false</UseClipRectangle>
        <ClipRectangle>
          <Location>
            <X>0</X>
            <Y>0</Y>
          </Location>
          <Size>
            <Width>0</Width>
            <Height>0</Height>
          </Size>
          <X>0</X>
          <Y>0</Y>
          <Width>0</Width>
          <Height>0</Height>
        </ClipRectangle>
        <UseBrowserBodySize>false</UseBrowserBodySize>
        <BrowserBodySize>
          <Width>0</Width>
          <Height>0</Height>
        </BrowserBodySize>
        <DocumentShowDelay>0</DocumentShowDelay>
        <PreferredBrowser>Chrome</PreferredBrowser>
      </Content>
      <Content d4p1:type="TextContent" xmlns:d4p1="http://www.w3.org/2001/XMLSchema-instance">
        <RowVersion>24</RowVersion>
        <Name>Sequence</Name>
        <ParentId>25ecb29e-49ca-4fc4-8e60-61ade2ba4dc5</ParentId>
        <UniqueId>646aaa81-e308-4dc2-aa7a-2eca2e5c02db</UniqueId>
        <CreationTime>2016-04-26T11:10:33</CreationTime>
        <Opacity>255</Opacity>
        <TransparencyKeyHtml>Black</TransparencyKeyHtml>
        <UseExactDuration>false</UseExactDuration>
        <IsBarCodeRegularExpression>false</IsBarCodeRegularExpression>
        <AdditionalResources />
        <UpdateIntervalTicks>36000000000</UpdateIntervalTicks>
        <Advertiser>00000000-0000-0000-0000-000000000000</Advertiser>
        <SerializableVariables />
        <BarCodes />
        <Contents />
        <Description />
        <DurationVariableName />
        <DurationTicks>600000000</DurationTicks>
        <IsLogged>false</IsLogged>
        <Height>0</Height>
        <Width>0</Width>
        <SuggestedRecurrence>
          <DatabaseId>123</DatabaseId>
          <Name>Recurrence</Name>
          <Pattern d4p1:type="DailyRecurrencePattern">
            <DatabaseId>123</DatabaseId>
          </Pattern>
          <Range d4p1:type="EternalRange">
            <DatabaseId>123</DatabaseId>
            <StartDate>2016-04-26T00:00:00</StartDate>
          </Range>
          <IsAllDay>true</IsAllDay>
          <StartTime>
            <Days>0</Days>
            <Hours>12</Hours>
            <Minutes>0</Minutes>
          </StartTime>
          <Duration>
            <Days>0</Days>
            <Hours>3</Hours>
            <Minutes>0</Minutes>
          </Duration>
        </SuggestedRecurrence>
        <BackColorHtml>Black</BackColorHtml>
        <Id>-1</Id>
        <WorkflowStatus>New</WorkflowStatus>
        <IsOriginalItem>true</IsOriginalItem>
        <RelatedItemId>00000000-0000-0000-0000-000000000000</RelatedItemId>
        <Text />
        <IsMarkup>false</IsMarkup>
        <BackgroundUrl>
          <DatabaseId>149</DatabaseId>
          <Name>DynamicUrl</Name>
          <CacheData>true</CacheData>
          <Path />
          <Query />
          <UseUploadData>false</UseUploadData>
          <Method>Get</Method>
          <Username />
          <Password />
          <Domain />
          <ConnectionString />
          <CommandText />
          <DeploymentBehavior>CopySource</DeploymentBehavior>
          <Headers />
        </BackgroundUrl>
        <TextUrl>
          <DatabaseId>150</DatabaseId>
          <Name>DynamicUrl</Name>
          <CacheData>true</CacheData>
          <Path />
          <Query />
          <UseUploadData>false</UseUploadData>
          <Method>Get</Method>
          <Username />
          <Password />
          <Domain />
          <ConnectionString />
          <CommandText />
          <DeploymentBehavior>CopySource</DeploymentBehavior>
          <Headers />
        </TextUrl>
      </Content>
    </AvailableContent>
    <AvailableTemplates>
      <FormatTemplate>
        <RowVersion>15</RowVersion>
        <Name>LevelEleven</Name>
        <ParentId>6135d47a-bb6f-4c55-8d07-134f067acd4e</ParentId>
        <UniqueId>d0881083-7428-4794-92e3-e9e14c5a3447</UniqueId>
        <CreationTime>2016-07-12T11:00:26</CreationTime>
        <Opacity>255</Opacity>
        <TransparencyKeyHtml>Black</TransparencyKeyHtml>
        <UseExactDuration>false</UseExactDuration>
        <IsBarCodeRegularExpression>false</IsBarCodeRegularExpression>
        <AdditionalResources />
        <UpdateIntervalTicks>36000000000</UpdateIntervalTicks>
        <Advertiser>00000000-0000-0000-0000-000000000000</Advertiser>
        <SerializableVariables />
        <BarCodes />
        <Contents />
        <Description />
        <DurationTicks>0</DurationTicks>
        <IsLogged>false</IsLogged>
        <Height>1080</Height>
        <Width>1920</Width>
        <SuggestedRecurrence>
          <DatabaseId>171</DatabaseId>
          <Name>Recurrence</Name>
          <Pattern d6p1:type="DailyRecurrencePattern" xmlns:d6p1="http://www.w3.org/2001/XMLSchema-instance">
            <DatabaseId>171</DatabaseId>
          </Pattern>
          <Range d6p1:type="EternalRange" xmlns:d6p1="http://www.w3.org/2001/XMLSchema-instance">
            <DatabaseId>171</DatabaseId>
            <StartDate>2016-04-11T00:00:00</StartDate>
          </Range>
          <IsAllDay>true</IsAllDay>
          <StartTime>
            <Days>0</Days>
            <Hours>16</Hours>
            <Minutes>0</Minutes>
          </StartTime>
          <Duration>
            <Days>0</Days>
            <Hours>3</Hours>
            <Minutes>0</Minutes>
          </Duration>
        </SuggestedRecurrence>
        <BackColorHtml>Black</BackColorHtml>
        <Id>-1</Id>
        <IsOriginalItem>true</IsOriginalItem>
        <RelatedItemId>00000000-0000-0000-0000-000000000000</RelatedItemId>
        <UseSeparateWindowForVideo>false</UseSeparateWindowForVideo>
        <PlayerBackColorHtml>Black</PlayerBackColorHtml>
        <BackgroundUrl>
          <DatabaseId>182</DatabaseId>
          <Name>DynamicUrl</Name>
          <CacheData>true</CacheData>
          <Path />
          <Query />
          <UseUploadData>false</UseUploadData>
          <Method>Get</Method>
          <Username />
          <Password />
          <Domain />
          <ConnectionString />
          <CommandText />
          <DeploymentBehavior>CopySource</DeploymentBehavior>
          <Headers />
        </BackgroundUrl>
        <Regions>
          <FormatTemplateRegion>
            <RowVersion>12</RowVersion>
            <Name>HTML</Name>
            <UniqueId>0623960c-2be2-43cf-8396-b539fc351d85</UniqueId>
            <CreationTime d7p1:nil="true" xmlns:d7p1="http://www.w3.org/2001/XMLSchema-instance" />
            <Opacity>255</Opacity>
            <TransparencyKeyHtml>Black</TransparencyKeyHtml>
            <UseExactDuration>false</UseExactDuration>
            <IsBarCodeRegularExpression>false</IsBarCodeRegularExpression>
            <AdditionalResources />
            <UpdateIntervalTicks>36000000000</UpdateIntervalTicks>
            <Advertiser>00000000-0000-0000-0000-000000000000</Advertiser>
            <SerializableVariables />
            <BarCodes />
            <Contents />
            <Description />
            <DurationTicks>0</DurationTicks>
            <IsLogged>false</IsLogged>
            <Height>1080</Height>
            <Width>1920</Width>
            <BackColorHtml>Transparent</BackColorHtml>
            <Id>-1</Id>
            <IsOriginalItem>true</IsOriginalItem>
            <RelatedItemId>00000000-0000-0000-0000-000000000000</RelatedItemId>
            <UseSeparateWindowForVideo>false</UseSeparateWindowForVideo>
            <PlayerBackColorHtml>Black</PlayerBackColorHtml>
            <BackgroundUrl>
              <DatabaseId>183</DatabaseId>
              <Name>DynamicUrl</Name>
              <CacheData>true</CacheData>
              <Path />
              <Query />
              <UseUploadData>false</UseUploadData>
              <Method>Get</Method>
              <Username />
              <Password />
              <Domain />
              <ConnectionString />
              <CommandText />
              <DeploymentBehavior>CopySource</DeploymentBehavior>
              <Headers />
            </BackgroundUrl>
            <Regions />
            <SequenceRegionId />
            <RssTransformUrl>
              <DatabaseId>184</DatabaseId>
              <Name>DynamicUrl</Name>
              <CacheData>true</CacheData>
              <Path />
              <Query />
              <UseUploadData>false</UseUploadData>
              <Method>Get</Method>
              <Username />
              <Password />
              <Domain />
              <ConnectionString />
              <CommandText />
              <DeploymentBehavior>CopySource</DeploymentBehavior>
              <Headers />
            </RssTransformUrl>
            <RssTransformName />
            <X>0</X>
            <Y>0</Y>
            <ZIndex>0</ZIndex>
            <ScrollsText>false</ScrollsText>
            <ScrollBehavior>RightToLeft</ScrollBehavior>
            <AllowAllContent>true</AllowAllContent>
            <AllowedContentTypes />
            <TextFormat>
              <SizeInPoints>36</SizeInPoints>
              <FamilyName>Segoe UI</FamilyName>
              <Style>Regular</Style>
              <ForeColorHtml>White</ForeColorHtml>
              <Alignment>MiddleCenter</Alignment>
              <AutoSize>true</AutoSize>
              <HasMigratedAutoSize>true</HasMigratedAutoSize>
              <SizeBehavior>ShrinkFont</SizeBehavior>
              <HasLeading>false</HasLeading>
              <Leading>0</Leading>
            </TextFormat>
            <PlayAsSeparateProcess>false</PlayAsSeparateProcess>
            <PlayAsSeparateWindow>false</PlayAsSeparateWindow>
            <ExternalZIndex>1</ExternalZIndex>
            <SpanRegionName />
          </FormatTemplateRegion>
          <FormatTemplateRegion>
            <RowVersion>12</RowVersion>
            <Name>Sequence</Name>
            <UniqueId>0d94de24-16bf-4d66-b4d5-0a841310b427</UniqueId>
            <CreationTime d7p1:nil="true" xmlns:d7p1="http://www.w3.org/2001/XMLSchema-instance" />
            <Opacity>255</Opacity>
            <TransparencyKeyHtml>Black</TransparencyKeyHtml>
            <UseExactDuration>false</UseExactDuration>
            <IsBarCodeRegularExpression>false</IsBarCodeRegularExpression>
            <AdditionalResources />
            <UpdateIntervalTicks>36000000000</UpdateIntervalTicks>
            <Advertiser>00000000-0000-0000-0000-000000000000</Advertiser>
            <SerializableVariables />
            <BarCodes />
            <Contents />
            <Description />
            <DurationTicks>0</DurationTicks>
            <IsLogged>false</IsLogged>
            <Height>-100</Height>
            <Width>-100</Width>
            <BackColorHtml>Transparent</BackColorHtml>
            <Id>-1</Id>
            <IsOriginalItem>true</IsOriginalItem>
            <RelatedItemId>00000000-0000-0000-0000-000000000000</RelatedItemId>
            <UseSeparateWindowForVideo>false</UseSeparateWindowForVideo>
            <PlayerBackColorHtml>Black</PlayerBackColorHtml>
            <BackgroundUrl>
              <DatabaseId>185</DatabaseId>
              <Name>DynamicUrl</Name>
              <CacheData>true</CacheData>
              <Path />
              <Query />
              <UseUploadData>false</UseUploadData>
              <Method>Get</Method>
              <Username />
              <Password />
              <Domain />
              <ConnectionString />
              <CommandText />
              <DeploymentBehavior>CopySource</DeploymentBehavior>
              <Headers />
            </BackgroundUrl>
            <Regions />
            <SequenceRegionId />
            <RssTransformUrl>
              <DatabaseId>186</DatabaseId>
              <Name>DynamicUrl</Name>
              <CacheData>true</CacheData>
              <Path />
              <Query />
              <UseUploadData>false</UseUploadData>
              <Method>Get</Method>
              <Username />
              <Password />
              <Domain />
              <ConnectionString />
              <CommandText />
              <DeploymentBehavior>CopySource</DeploymentBehavior>
              <Headers />
            </RssTransformUrl>
            <RssTransformName />
            <X>0</X>
            <Y>0</Y>
            <ZIndex>1</ZIndex>
            <ScrollsText>false</ScrollsText>
            <ScrollBehavior>RightToLeft</ScrollBehavior>
            <AllowAllContent>true</AllowAllContent>
            <AllowedContentTypes />
            <TextFormat>
              <SizeInPoints>36</SizeInPoints>
              <FamilyName>Segoe UI</FamilyName>
              <Style>Regular</Style>
              <ForeColorHtml>White</ForeColorHtml>
              <Alignment>MiddleCenter</Alignment>
              <AutoSize>true</AutoSize>
              <HasMigratedAutoSize>true</HasMigratedAutoSize>
              <SizeBehavior>ShrinkFont</SizeBehavior>
              <HasLeading>false</HasLeading>
              <Leading>0</Leading>
            </TextFormat>
            <PlayAsSeparateProcess>false</PlayAsSeparateProcess>
            <PlayAsSeparateWindow>false</PlayAsSeparateWindow>
            <ExternalZIndex>1</ExternalZIndex>
            <SpanRegionName />
          </FormatTemplateRegion>
        </Regions>
        <SequenceRegionId>0d94de24-16bf-4d66-b4d5-0a841310b427</SequenceRegionId>
      </FormatTemplate>
    </AvailableTemplates>
    <AvailableApps />
    <GlobalVersionNumber>1080</GlobalVersionNumber>
    <CompanyVersionNumber>1104</CompanyVersionNumber>
    <SerializableUsers />
    <SerializableGroups />
    <SerializableAccessControlLists />
  </DeploymentData>
  <ManifestOptions>
    <MaxBytesToHash>20000</MaxBytesToHash>
    <ComputeSparseHashValues>false</ComputeSparseHashValues>
    <FullHashComputationExtensions />
  </ManifestOptions>
  <ContentManifest>
    <Entries />
  </ContentManifest>
</SftpDeploymentData>